{
	"aff_art_atk": 2.44175141138543,
	"aff_art_hp": 0.291439010470637,
	"aff_art_spd": 0.878227692292874,
	"aff_cav_atk": 1.41785641432326,
	"aff_cav_hp": 0.555013855211582,
	"aff_cav_spd": 1.4181617411649,
	"aff_inf_atk": 1.21190494247999,
	"aff_inf_hp": 1.60112005258349,
	"aff_inf_spd": 0.350355884046598,
	"art_center": -0.260260048244489,
	"art_front": 0.662374957548673,
	"art_value": 15.2623479340773,
	"card_atk": 1.16713204453304,
	"card_hp": 0.694067174105278,
	"card_stam": 1.14612960199872,
	"cav_center": -0.58478159848516,
	"cav_front": 0.0153090789527891,
	"cav_value": 3.92342512937446,
	"guard": 243.370416219458,
	"haven": 10640.6243196265,
	"hp": 3.25837272724256,
	"inf_center": 0.425324315083548,
	"inf_front": 0.679160329021527,
	"link_advance": 0.398699897327125,
	"material": 57.1051226053295,
	"protect": 146.452581340036,
	"prox_scale": 7.52122169958904,
	"prox_second": 0.482710680572951,
	"r3_initiative": 2.64997734744885,
	"ranged": 84.1213363734845,
	"reach": 541.526988206745
}