{
	"aff_art_atk": 6.16104727707559,
	"aff_art_hp": 181.44002129796,
	"aff_art_spd": 301.182938493985,
	"aff_cav_atk": 1.26448663870339,
	"aff_cav_hp": 0.595226981128036,
	"aff_cav_spd": 2.89371358289105,
	"aff_inf_atk": 0.0447265836295476,
	"aff_inf_hp": 0.0141228447842928,
	"aff_inf_spd": 0.0707022181489779,
	"art_center": -5012.00496651509,
	"art_front": 98.1271452096812,
	"art_value": 43.5962213732975,
	"card_atk": 0.0366011773292917,
	"card_hp": 0.0255522054562237,
	"card_stam": 0.0664697014251546,
	"cav_center": -0.0439776872683489,
	"cav_front": 0.441675449208682,
	"cav_value": 0.226472601394786,
	"guard": 11.2141499947534,
	"haven": 0.0392409639605195,
	"hp": 906.006704467918,
	"inf_center": 0.522589948378319,
	"inf_front": 1264.41523618972,
	"link_advance": 0.0761283352458707,
	"material": 16.5812584089233,
	"protect": 74.3291185163046,
	"prox_scale": 0.017489726283208,
	"prox_second": 0.12918985824759,
	"r3_initiative": 0.184533867702736,
	"ranged": 0.293549519950672,
	"reach": 4.88957580615261
}