{
	"aff_art_atk": 3.1810065805781,
	"aff_art_hp": 0.280793370069954,
	"aff_art_spd": 0.815186920571321,
	"aff_cav_atk": 1.32538002930075,
	"aff_cav_hp": 0.492220488267227,
	"aff_cav_spd": 1.70175405206169,
	"aff_inf_atk": 0.951827145673213,
	"aff_inf_hp": 1.3853899289495,
	"aff_inf_spd": 0.337795766267381,
	"art_center": -0.232294150997225,
	"art_front": 0.730806013680074,
	"art_value": 16.8507342925564,
	"card_atk": 1.40900159213873,
	"card_hp": 0.686628829572903,
	"card_stam": 1.07073793733812,
	"cav_center": -0.631374406395631,
	"cav_front": 0.0150587222335338,
	"cav_value": 3.73066758764353,
	"guard": 242.957963092746,
	"haven": 11567.8036875436,
	"hp": 3.29089503001812,
	"inf_center": 0.531759294442575,
	"inf_front": 0.627212525895814,
	"link_advance": 0.387834992699371,
	"material": 69.7403491962614,
	"protect": 161.721126698794,
	"prox_scale": 6.68978130879991,
	"prox_second": 0.620109050985472,
	"r3_initiative": 2.54479635852817,
	"ranged": 87.2248388870676,
	"reach": 500.382127615898
}