{
	"aff_art_atk": 0.556180434728,
	"aff_art_hp": 0.38681808016691,
	"aff_art_spd": 63.2642445607159,
	"aff_cav_atk": 0.193770981884171,
	"aff_cav_hp": 1.16987620668822,
	"aff_cav_spd": 25.9573987025433,
	"aff_inf_atk": 2.29118754220161,
	"aff_inf_hp": 1.55311361149376,
	"aff_inf_spd": 0.155532748180028,
	"art_center": -5.20585587813695,
	"art_front": 0.935262197399301,
	"art_value": 38.7824210764207,
	"card_atk": 2.99901550768716,
	"card_hp": 0.510703144622934,
	"card_stam": 1.27323619532198,
	"cav_center": -0.278037473548433,
	"cav_front": 0.0180541319233423,
	"cav_value": 5.66508213769702,
	"guard": 12.4604468019529,
	"haven": 24760.6713392512,
	"hp": 5.34634121024315,
	"inf_center": 0.415060920487267,
	"inf_front": 13.2000671165845,
	"link_advance": 0.040640712052823,
	"material": 35.0207441545663,
	"protect": 1390.84986597324,
	"prox_scale": 0.0810682705143115,
	"prox_second": 0.611930022280842,
	"r3_initiative": 4.54286731647849,
	"ranged": 25.7237318667944,
	"reach": 243.925426249297
}