{
	"aff_art_atk": 1.55285302940722,
	"aff_art_hp": 0.115456729606317,
	"aff_art_spd": 0.354446162426241,
	"aff_cav_atk": 0.98706386632237,
	"aff_cav_hp": 0.215189414396428,
	"aff_cav_spd": 0.797950056645603,
	"aff_inf_atk": 0.758204316339934,
	"aff_inf_hp": 0.642097478183621,
	"aff_inf_spd": 0.167832043819501,
	"art_center": -0.100854585733178,
	"art_front": 0.426971505507056,
	"art_value": 8.25229777997006,
	"card_atk": 1.33022587187141,
	"card_hp": 0.318828317776212,
	"card_stam": 0.661748102011398,
	"cav_center": -0.413095925643176,
	"cav_front": 0.0104379794397568,
	"cav_value": 1.32867297195794,
	"guard": 96.4331600004127,
	"haven": 6064.07021918499,
	"hp": 2.4107706553814,
	"inf_center": 0.329147774732362,
	"inf_front": 0.38086843734464,
	"link_advance": 0.177536458500077,
	"material": 42.4073503506614,
	"protect": 110.22721918984,
	"prox_scale": 3.22304586586307,
	"prox_second": 0.505790224417361,
	"r3_initiative": 0.939413022280151,
	"ranged": 58.5014939753753,
	"reach": 429.898865374614
}