{
	"aff_art_atk": 1.40233611866332,
	"aff_art_hp": 0.114579263863201,
	"aff_art_spd": 0.368157030330074,
	"aff_cav_atk": 1.0935982869929,
	"aff_cav_hp": 0.224112386935438,
	"aff_cav_spd": 0.808562782913025,
	"aff_inf_atk": 0.938135546797595,
	"aff_inf_hp": 0.75025681139311,
	"aff_inf_spd": 0.172770346934565,
	"art_center": -0.0924840576319495,
	"art_front": 0.385310362750124,
	"art_value": 8.54405997086218,
	"card_atk": 1.25223487236896,
	"card_hp": 0.309293262674474,
	"card_stam": 0.63755904005175,
	"cav_center": -0.398060361493699,
	"cav_front": 0.0109445240823728,
	"cav_value": 1.31508772929652,
	"guard": 106.564444196994,
	"haven": 5326.5991940248,
	"hp": 2.35725218821574,
	"inf_center": 0.311403191487296,
	"inf_front": 0.373499585258386,
	"link_advance": 0.185092331109158,
	"material": 40.8720711681233,
	"protect": 104.308649837301,
	"prox_scale": 3.18437349667086,
	"prox_second": 0.51297019103629,
	"r3_initiative": 0.853001629689954,
	"ranged": 59.8640440826964,
	"reach": 451.594813273094
}