{
	"aff_art_atk": 0.851906817316488,
	"aff_art_hp": 347.142951522132,
	"aff_art_spd": 0.162568096768019,
	"aff_cav_atk": 0.0637966785210198,
	"aff_cav_hp": 4.71749839595589,
	"aff_cav_spd": 0.798966754152138,
	"aff_inf_atk": 0.121968764683211,
	"aff_inf_hp": 0.152318327245976,
	"aff_inf_spd": 0.472788139193142,
	"art_center": -34.5645537986949,
	"art_front": 4.3930249247043,
	"art_value": 87.1444569256062,
	"card_atk": 3.0511125615609,
	"card_hp": 0.24250798035782,
	"card_stam": 0.758107616790213,
	"cav_center": -0.0167505819625493,
	"cav_front": 0.398868432516173,
	"cav_value": 39.3899905939187,
	"guard": 21.4780912414823,
	"haven": 9800.5559160938,
	"hp": 29.4619881529283,
	"inf_center": 0.0201588400258121,
	"inf_front": 0.893222280250046,
	"link_advance": 0.728227498599393,
	"material": 3440.57966663037,
	"protect": 1672.94344488377,
	"prox_scale": 0.483648809136617,
	"prox_second": 0.0924923718094939,
	"r3_initiative": 0.0508147339617501,
	"ranged": 63.6519277798616,
	"reach": 282.975228156294
}