{
	"aff_art_atk": 11.1525800137077,
	"aff_art_hp": 1997.72646203064,
	"aff_art_spd": 135.925885546975,
	"aff_cav_atk": 0.212251851320806,
	"aff_cav_hp": 10.3010199851707,
	"aff_cav_spd": 62.5352558082145,
	"aff_inf_atk": 0.0275403558981122,
	"aff_inf_hp": 0.0300330914076186,
	"aff_inf_spd": 0.018166399868743,
	"art_center": -20996.8544331524,
	"art_front": 233.643318789265,
	"art_value": 0.918263396737337,
	"card_atk": 0.161319069943899,
	"card_hp": 0.0111159634695256,
	"card_stam": 0.0905108551202364,
	"cav_center": -0.0124895671137188,
	"cav_front": 0.0115198738055432,
	"cav_value": 8.67435933128316,
	"guard": 11.5143744996269,
	"haven": 2.74330416267942,
	"hp": 6830.36951024745,
	"inf_center": 0.0839969608714484,
	"inf_front": 10.5533322686301,
	"link_advance": 0.0135181056306521,
	"material": 5.7990607118999,
	"protect": 1416.15321910868,
	"prox_scale": 0.0672657360672137,
	"prox_second": 0.034203333014901,
	"r3_initiative": 0.0122882748246961,
	"ranged": 0.248508309602715,
	"reach": 3.35390930627009
}