{
	"aff_art_atk": 8.9768561377762,
	"aff_art_hp": 1394.88681266545,
	"aff_art_spd": 125.549183116044,
	"aff_cav_atk": 0.266748265502816,
	"aff_cav_hp": 12.8348270574147,
	"aff_cav_spd": 53.7851053958011,
	"aff_inf_atk": 0.0294988276452022,
	"aff_inf_hp": 0.0403776575289208,
	"aff_inf_spd": 0.0214636663752426,
	"art_center": -26531.3385588641,
	"art_front": 262.302005490694,
	"art_value": 1.03211667704242,
	"card_atk": 0.168929460264256,
	"card_hp": 0.00967061882816428,
	"card_stam": 0.0874592977719144,
	"cav_center": -0.0115347016233694,
	"cav_front": 0.0122692780102426,
	"cav_value": 7.66626165161371,
	"guard": 11.5455264702584,
	"haven": 2.71650620980233,
	"hp": 7569.00974141817,
	"inf_center": 0.0959007391003912,
	"inf_front": 11.8570960869167,
	"link_advance": 0.0115940838066531,
	"material": 6.21884753476067,
	"protect": 1262.53555651578,
	"prox_scale": 0.0801168026805699,
	"prox_second": 0.0180130748714485,
	"r3_initiative": 0.0100247575902967,
	"ranged": 0.213814187908207,
	"reach": 4.53492407179437
}