{
	"aff_art_atk": 0.978619453411983,
	"aff_art_hp": 47.9615908537382,
	"aff_art_spd": 0.0427725517269319,
	"aff_cav_atk": 0.130728182838364,
	"aff_cav_hp": 0.270229989905635,
	"aff_cav_spd": 0.684324216840905,
	"aff_inf_atk": 0.164087077160773,
	"aff_inf_hp": 0.11686152830902,
	"aff_inf_spd": 0.888718929362589,
	"art_center": -11.3091479898874,
	"art_front": 1.13024490063237,
	"art_value": 195.015032637509,
	"card_atk": 0.704506741009248,
	"card_hp": 0.862089980184196,
	"card_stam": 0.855652541131442,
	"cav_center": -0.0255341602640317,
	"cav_front": 0.218489079364028,
	"cav_value": 29.3065709001853,
	"guard": 27.4783339212511,
	"haven": 1003.03660635397,
	"hp": 48.390262356683,
	"inf_center": 0.0370357066284935,
	"inf_front": 1.42544488471174,
	"link_advance": 0.206162080711038,
	"material": 608.018451436103,
	"protect": 424.636588869596,
	"prox_scale": 2.51183148046345,
	"prox_second": 0.0634730775296028,
	"r3_initiative": 0.0811864203091,
	"ranged": 26.013786293061,
	"reach": 938.795512453014
}