{
	"aff_art_atk": 0.0194441530562664,
	"aff_art_hp": 0.0448242647823287,
	"aff_art_spd": 49.6460851953313,
	"aff_cav_atk": 1.30923242169416,
	"aff_cav_hp": 0.0708298386967825,
	"aff_cav_spd": 422.022429147644,
	"aff_inf_atk": 54.0825776259971,
	"aff_inf_hp": 0.0352492778410305,
	"aff_inf_spd": 0.0356699128342767,
	"art_center": -4.04086315409483,
	"art_front": 0.0393595055809184,
	"art_value": 255735.069282832,
	"card_atk": 0.0214587572662616,
	"card_hp": 1.91357785914585,
	"card_stam": 1889.70177069396,
	"cav_center": -0.0747052798898417,
	"cav_front": 0.131255166979975,
	"cav_value": 0.040670047326531,
	"guard": 0.0370001743982152,
	"haven": 2258.10268327632,
	"hp": 209.875481260997,
	"inf_center": 33.4939012367078,
	"inf_front": 0.0325541735345239,
	"link_advance": 0.0573607599516233,
	"material": 1.07020846122288,
	"protect": 22.183984530475,
	"prox_scale": 0.0126749856596721,
	"prox_second": 31.3190724958798,
	"r3_initiative": 0.0618683919591383,
	"ranged": 11.6481265190844,
	"reach": 2.63110950095094
}