{
	"aff_art_atk": 4.36596488783242,
	"aff_art_hp": 1.20147179605088,
	"aff_art_spd": 0.836886713535311,
	"aff_cav_atk": 0.726656989580888,
	"aff_cav_hp": 6.56356862071665,
	"aff_cav_spd": 0.741567365731464,
	"aff_inf_atk": 0.0217523583556286,
	"aff_inf_hp": 0.134045599005406,
	"aff_inf_spd": 0.916422946097225,
	"art_center": -0.56478165061689,
	"art_front": 2.79648503272222,
	"art_value": 42.8662378758067,
	"card_atk": 0.0936661042462721,
	"card_hp": 1.02749190837422,
	"card_stam": 1.16747325752712,
	"cav_center": -1.04675463826382,
	"cav_front": 0.0249726411568935,
	"cav_value": 2540.19376529045,
	"guard": 560.074667679391,
	"haven": 61557.5430634128,
	"hp": 2.69427469910649,
	"inf_center": 0.0229371067684022,
	"inf_front": 0.580236881354337,
	"link_advance": 0.0162751079654351,
	"material": 2.88919495479194,
	"protect": 1498.43201258032,
	"prox_scale": 157.72140140221,
	"prox_second": 0.575008831624351,
	"r3_initiative": 0.0420583054536576,
	"ranged": 1194.42753414943,
	"reach": 2553.82279691707
}