{
	"aff_art_atk": 0.015212035607435,
	"aff_art_hp": 0.170269617587167,
	"aff_art_spd": 52.2889387294563,
	"aff_cav_atk": 1.67987156401382,
	"aff_cav_hp": 0.483605656749367,
	"aff_cav_spd": 1478.02869516589,
	"aff_inf_atk": 38.7321922441196,
	"aff_inf_hp": 0.013180079083368,
	"aff_inf_spd": 0.0113776237475336,
	"art_center": -14.4247151564991,
	"art_front": 0.0113189187121629,
	"art_value": 319624.165704376,
	"card_atk": 0.0157928894764955,
	"card_hp": 1.8234424190675,
	"card_stam": 23654.2232199647,
	"cav_center": -0.0344956603555354,
	"cav_front": 0.0158473727941562,
	"cav_value": 0.266671821357654,
	"guard": 0.0133105577152404,
	"haven": 8508.04001922482,
	"hp": 58.0919212980585,
	"inf_center": 131.085283154698,
	"inf_front": 0.0211416166826904,
	"link_advance": 0.0121787972762613,
	"material": 2.43622311384959,
	"protect": 94.869628984531,
	"prox_scale": 0.0157847143733338,
	"prox_second": 3.08699683047016,
	"r3_initiative": 0.0121463361254149,
	"ranged": 1.03689043060154,
	"reach": 18.4254348885483
}