{
	"aff_art_atk": 10.9030114898154,
	"aff_art_hp": 0.796421169346656,
	"aff_art_spd": 0.763328363583496,
	"aff_cav_atk": 0.814270212352035,
	"aff_cav_hp": 7.80297560597985,
	"aff_cav_spd": 0.641537186190404,
	"aff_inf_atk": 0.0248207106186197,
	"aff_inf_hp": 0.304613584460974,
	"aff_inf_spd": 1.44752005687039,
	"art_center": -0.782535276630385,
	"art_front": 1.75395580026346,
	"art_value": 8.81743958111721,
	"card_atk": 0.0602785239716003,
	"card_hp": 0.538651793060493,
	"card_stam": 2.8976310376596,
	"cav_center": -4.17255677217756,
	"cav_front": 0.0167824963708791,
	"cav_value": 1357.15081020234,
	"guard": 452.109896252212,
	"haven": 55798.7774188396,
	"hp": 3.59075910576824,
	"inf_center": 0.0170040531417051,
	"inf_front": 0.413136026130507,
	"link_advance": 0.0109097485385011,
	"material": 2.39688331945311,
	"protect": 2767.12154820093,
	"prox_scale": 337.864567334588,
	"prox_second": 0.55874547332446,
	"r3_initiative": 0.0280635617373663,
	"ranged": 1462.01911071943,
	"reach": 2915.98142210031
}