{
	"aff_art_atk": 1.32208105075405,
	"aff_art_hp": 0.0261519173677929,
	"aff_art_spd": 5.58125027083937,
	"aff_cav_atk": 1.94722010782667,
	"aff_cav_hp": 2.24959961577211,
	"aff_cav_spd": 2.13217415363634,
	"aff_inf_atk": 0.0859051837745724,
	"aff_inf_hp": 0.0181975985139895,
	"aff_inf_spd": 0.229061877818025,
	"art_center": -0.189332813323191,
	"art_front": 0.105716792629557,
	"art_value": 0.947671154108556,
	"card_atk": 0.893434702823506,
	"card_hp": 0.404836883355055,
	"card_stam": 2.12677547844019,
	"cav_center": -0.590125872861598,
	"cav_front": 0.0130720686929595,
	"cav_value": 0.0955253586094028,
	"guard": 10.8056284389292,
	"haven": 11323.4533249958,
	"hp": 6.68644485325758,
	"inf_center": 5.07067280569902,
	"inf_front": 3.09754718648193,
	"link_advance": 0.366441938158187,
	"material": 2181.27491445382,
	"protect": 65.3017208986039,
	"prox_scale": 0.150260018023828,
	"prox_second": 0.115006144914297,
	"r3_initiative": 8.06978704732047,
	"ranged": 149.138304367082,
	"reach": 29.3430135738318
}