{
	"aff_art_atk": 0.011769260260427,
	"aff_art_hp": 0.374691476759595,
	"aff_art_spd": 46.1139290128116,
	"aff_cav_atk": 1.88758059890925,
	"aff_cav_hp": 0.698997359680646,
	"aff_cav_spd": 2047.54373733578,
	"aff_inf_atk": 40.6623324746102,
	"aff_inf_hp": 0.0109006782011298,
	"aff_inf_spd": 0.0105892744063261,
	"art_center": -9.69500824596761,
	"art_front": 0.0113580144501625,
	"art_value": 156883.263866439,
	"card_atk": 0.0110488819354012,
	"card_hp": 3.76467200187911,
	"card_stam": 27051.0910307547,
	"cav_center": -0.0732497679483991,
	"cav_front": 0.0342602302851368,
	"cav_value": 0.570509509904199,
	"guard": 0.0187927172938221,
	"haven": 12465.9123654748,
	"hp": 34.7139719977442,
	"inf_center": 78.7570603320792,
	"inf_front": 0.0120913698950892,
	"link_advance": 0.0107641630220897,
	"material": 0.732984689941655,
	"protect": 73.3052736537532,
	"prox_scale": 0.0104653847191779,
	"prox_second": 3.0573949981236,
	"r3_initiative": 0.0246230843973601,
	"ranged": 0.68819678038814,
	"reach": 16.2981007346116
}