{
	"aff_art_atk": 7.94298170052006,
	"aff_art_hp": 253.671452833176,
	"aff_art_spd": 171.30979738567,
	"aff_cav_atk": 0.232528048866586,
	"aff_cav_hp": 1.20175137437248,
	"aff_cav_spd": 2.5407606446215,
	"aff_inf_atk": 0.424625434701082,
	"aff_inf_hp": 0.0102505651064787,
	"aff_inf_spd": 0.216785839516793,
	"art_center": -2117.22962122842,
	"art_front": 20.0286134701748,
	"art_value": 66.540562345589,
	"card_atk": 0.033148269748996,
	"card_hp": 0.0802750508742326,
	"card_stam": 0.0423587943431701,
	"cav_center": -0.0206854727374993,
	"cav_front": 0.78178810996911,
	"cav_value": 0.654416493984738,
	"guard": 6.01627874577471,
	"haven": 0.106711839204516,
	"hp": 1286.4828067731,
	"inf_center": 0.445781667621627,
	"inf_front": 453.808919834404,
	"link_advance": 0.0782833523571744,
	"material": 16.0842697740676,
	"protect": 183.918137548778,
	"prox_scale": 0.0187204495261276,
	"prox_second": 0.142588105111624,
	"r3_initiative": 0.043740446314952,
	"ranged": 0.303504673801119,
	"reach": 2.66153542459406
}