{
	"aff_art_atk": 2.65304980527192,
	"aff_art_hp": 0.0946657448587809,
	"aff_art_spd": 1.33115974811474,
	"aff_cav_atk": 0.420074498210968,
	"aff_cav_hp": 0.146510377679651,
	"aff_cav_spd": 3.56364033410514,
	"aff_inf_atk": 0.807949401363217,
	"aff_inf_hp": 0.215178447338686,
	"aff_inf_spd": 0.130236545761856,
	"art_center": -0.071087623198563,
	"art_front": 0.0634443088453345,
	"art_value": 2.7357180318639,
	"card_atk": 2.98259536494517,
	"card_hp": 0.220952632211794,
	"card_stam": 1.0344057553727,
	"cav_center": -0.150084019633784,
	"cav_front": 0.0164891067531265,
	"cav_value": 1.00290354357434,
	"guard": 16.8165456439405,
	"haven": 3631.67856458819,
	"hp": 3.23690146494887,
	"inf_center": 3.17923558473451,
	"inf_front": 1.66374346878454,
	"link_advance": 0.186503722606355,
	"material": 211.301041627284,
	"protect": 178.465752931087,
	"prox_scale": 1.02581236713139,
	"prox_second": 2.02900431897182,
	"r3_initiative": 1.98461050079198,
	"ranged": 50.8019104752989,
	"reach": 53.1069573261771
}