{
	"aff_art_atk": 0.0250520982275146,
	"aff_art_hp": 0.0188711675415222,
	"aff_art_spd": 15.2182355234608,
	"aff_cav_atk": 76.9760865590798,
	"aff_cav_hp": 2.46544093220945,
	"aff_cav_spd": 3.70101424360913,
	"aff_inf_atk": 31.5704671937845,
	"aff_inf_hp": 0.0401840467466517,
	"aff_inf_spd": 0.0168121008787859,
	"art_center": -3.00529740483736,
	"art_front": 0.789003201733458,
	"art_value": 103616.763266649,
	"card_atk": 0.0248888154070973,
	"card_hp": 4.77094003828333,
	"card_stam": 503.118131126593,
	"cav_center": -0.321421340729493,
	"cav_front": 0.426576594049998,
	"cav_value": 0.063832040993871,
	"guard": 0.0146239351786739,
	"haven": 187.520879864533,
	"hp": 24.3715752796505,
	"inf_center": 954.302039186564,
	"inf_front": 0.231223732237443,
	"link_advance": 0.0165247430681024,
	"material": 0.683697398826673,
	"protect": 16.6764918448045,
	"prox_scale": 0.0117630401175738,
	"prox_second": 14.6063035421109,
	"r3_initiative": 0.0304373275561672,
	"ranged": 28.6740423615898,
	"reach": 0.492375140069506
}