{
	"aff_art_atk": 0.944694580457263,
	"aff_art_hp": 749.467721041781,
	"aff_art_spd": 0.116535578775421,
	"aff_cav_atk": 0.0558536425953145,
	"aff_cav_hp": 3.8022676720301,
	"aff_cav_spd": 1.8307298571634,
	"aff_inf_atk": 0.179397967115415,
	"aff_inf_hp": 0.169444404432931,
	"aff_inf_spd": 0.591527885905679,
	"art_center": -32.5294793492583,
	"art_front": 5.11540628484781,
	"art_value": 110.747331781961,
	"card_atk": 5.18021466469993,
	"card_hp": 0.398546699313795,
	"card_stam": 0.764282913760516,
	"cav_center": -0.0167673257446246,
	"cav_front": 0.324588167194614,
	"cav_value": 28.7052294304652,
	"guard": 36.6112592795153,
	"haven": 7987.77733550917,
	"hp": 50.8368103082595,
	"inf_center": 0.0181468339656351,
	"inf_front": 1.42197710461994,
	"link_advance": 0.772299826960606,
	"material": 3250.90763593748,
	"protect": 1506.47305857098,
	"prox_scale": 0.331983507896688,
	"prox_second": 0.175738615713804,
	"r3_initiative": 0.0468063170263535,
	"ranged": 98.4978351926713,
	"reach": 263.264306945524
}