{
	"aff_art_atk": 1.51879592519489,
	"aff_art_hp": 0.110671639958143,
	"aff_art_spd": 0.375351571528892,
	"aff_cav_atk": 1.00761062490596,
	"aff_cav_hp": 0.218122043422846,
	"aff_cav_spd": 0.788536990242479,
	"aff_inf_atk": 0.791683964993663,
	"aff_inf_hp": 0.65907062590284,
	"aff_inf_spd": 0.161474558908239,
	"art_center": -0.0954095705440786,
	"art_front": 0.418996506849654,
	"art_value": 8.40761438112962,
	"card_atk": 1.32895445768479,
	"card_hp": 0.327469863195958,
	"card_stam": 0.660693856313565,
	"cav_center": -0.405932771301591,
	"cav_front": 0.0102556588695192,
	"cav_value": 1.31836109836808,
	"guard": 99.5954349541,
	"haven": 5984.65691690208,
	"hp": 2.4303321156704,
	"inf_center": 0.319833248552477,
	"inf_front": 0.370970239302046,
	"link_advance": 0.182604463816979,
	"material": 43.1220231955476,
	"protect": 109.342849800909,
	"prox_scale": 3.1915416361644,
	"prox_second": 0.511153534657079,
	"r3_initiative": 0.94305670950032,
	"ranged": 57.953535990017,
	"reach": 440.582981553484
}