{
	"aff_art_atk": 32.3800061282071,
	"aff_art_hp": 0.510956623905139,
	"aff_art_spd": 0.0124788424314192,
	"aff_cav_atk": 0.0205933563095082,
	"aff_cav_hp": 0.0154453331612574,
	"aff_cav_spd": 0.320374651005745,
	"aff_inf_atk": 0.0781065473009906,
	"aff_inf_hp": 0.372566326176632,
	"aff_inf_spd": 0.0198169514085422,
	"art_center": -5.85355077389494,
	"art_front": 0.0475297595163959,
	"art_value": 200.668085055684,
	"card_atk": 0.210277080725925,
	"card_hp": 0.163135195134629,
	"card_stam": 1.26471819767423,
	"cav_center": -0.0119127173093924,
	"cav_front": 0.0178224422486445,
	"cav_value": 272082.683690808,
	"guard": 7.50171355071177,
	"haven": 10914.9515286381,
	"hp": 0.0141484332237423,
	"inf_center": 0.120483511977563,
	"inf_front": 5.14554402548252,
	"link_advance": 0.011259560261091,
	"material": 0.139673755453064,
	"protect": 259.287771056482,
	"prox_scale": 2599.69085191369,
	"prox_second": 0.0435313458270668,
	"r3_initiative": 0.945368994846583,
	"ranged": 95334.6078922733,
	"reach": 560.177313137404
}