{
	"aff_art_atk": 1.34265167048751,
	"aff_art_hp": 0.0130522206913887,
	"aff_art_spd": 0.0266453178308331,
	"aff_cav_atk": 0.0120664951768187,
	"aff_cav_hp": 0.127922013446501,
	"aff_cav_spd": 0.0168028556183865,
	"aff_inf_atk": 0.171878911357295,
	"aff_inf_hp": 0.396080409683266,
	"aff_inf_spd": 0.364662568343038,
	"art_center": -1.29797337641761,
	"art_front": 5.56197193255546,
	"art_value": 14.5325258144073,
	"card_atk": 0.0297666403543496,
	"card_hp": 0.481035584991436,
	"card_stam": 1.2780424919897,
	"cav_center": -0.613866334258187,
	"cav_front": 0.0531593365793996,
	"cav_value": 786437.010297774,
	"guard": 63.5063445286423,
	"haven": 118385.934992157,
	"hp": 0.0424178890505958,
	"inf_center": 0.0354146256969413,
	"inf_front": 2.16123091291364,
	"link_advance": 0.0234833883156128,
	"material": 0.257139620034107,
	"protect": 366.257886074394,
	"prox_scale": 136.949114673135,
	"prox_second": 0.0243440001192736,
	"r3_initiative": 0.181332888818695,
	"ranged": 57071.7795300194,
	"reach": 102.942277352124
}