{
	"aff_art_atk": 0.761224185830897,
	"aff_art_hp": 61.2047954452577,
	"aff_art_spd": 0.0438539888110569,
	"aff_cav_atk": 0.105375473522723,
	"aff_cav_hp": 0.299297292628059,
	"aff_cav_spd": 0.664239337158026,
	"aff_inf_atk": 0.106678404774518,
	"aff_inf_hp": 0.137625278852381,
	"aff_inf_spd": 0.487283185901901,
	"art_center": -12.3507277153752,
	"art_front": 0.788320993349008,
	"art_value": 285.761195323946,
	"card_atk": 1.38542472005908,
	"card_hp": 0.990754418032685,
	"card_stam": 1.38119614126211,
	"cav_center": -0.0100236325690439,
	"cav_front": 0.217882591786191,
	"cav_value": 46.9122160338098,
	"guard": 14.14633619588,
	"haven": 943.401030159667,
	"hp": 46.3191321471033,
	"inf_center": 0.0346199272889253,
	"inf_front": 0.81056421403474,
	"link_advance": 0.32157404890623,
	"material": 421.60414396137,
	"protect": 694.217732693927,
	"prox_scale": 1.46397344589181,
	"prox_second": 0.0650575105675135,
	"r3_initiative": 0.0596565321603766,
	"ranged": 23.0190578510536,
	"reach": 549.18621378174
}