{
	"aff_art_atk": 6.99770748886021,
	"aff_art_hp": 0.0181997312411885,
	"aff_art_spd": 0.0425326359109856,
	"aff_cav_atk": 0.0114861998922573,
	"aff_cav_hp": 0.235420672256614,
	"aff_cav_spd": 0.0380057977951303,
	"aff_inf_atk": 0.0364543292487725,
	"aff_inf_hp": 0.700090058022386,
	"aff_inf_spd": 0.205049637814266,
	"art_center": -0.102298778323325,
	"art_front": 0.209801087093077,
	"art_value": 163.285005891728,
	"card_atk": 0.0731045785135966,
	"card_hp": 0.129613834248994,
	"card_stam": 0.410967785471389,
	"cav_center": -0.04407696354351,
	"cav_front": 0.0122285339065022,
	"cav_value": 188737.765853413,
	"guard": 25.203967553909,
	"haven": 410653.805011417,
	"hp": 0.0368512365740655,
	"inf_center": 0.109819776997393,
	"inf_front": 2.44649035360277,
	"link_advance": 0.147448581495738,
	"material": 0.195938016814447,
	"protect": 3310.13445683622,
	"prox_scale": 314.68897282286,
	"prox_second": 0.0221846513114081,
	"r3_initiative": 4.58848562842138,
	"ranged": 10533.2659360601,
	"reach": 212.397333176011
}