{
	"aff_art_atk": 3.49076650885151,
	"aff_art_hp": 0.0906788108906832,
	"aff_art_spd": 0.242989561867678,
	"aff_cav_atk": 0.0221622842311321,
	"aff_cav_hp": 0.0256595941879658,
	"aff_cav_spd": 0.0183070667090349,
	"aff_inf_atk": 0.073858672707594,
	"aff_inf_hp": 0.961654524473007,
	"aff_inf_spd": 0.0343890738169393,
	"art_center": -0.293481936382156,
	"art_front": 0.176079280464552,
	"art_value": 57.9250819931882,
	"card_atk": 0.0551958522723679,
	"card_hp": 0.0945294833790527,
	"card_stam": 0.0892692551224398,
	"cav_center": -0.0221023087052521,
	"cav_front": 0.0184425915363274,
	"cav_value": 178970.976417377,
	"guard": 47.8781508010149,
	"haven": 61500.3698642135,
	"hp": 0.0247535044563955,
	"inf_center": 0.219513269750785,
	"inf_front": 6.29647491186209,
	"link_advance": 0.20358343270634,
	"material": 0.114509633435068,
	"protect": 993.536809906242,
	"prox_scale": 961.068661059918,
	"prox_second": 0.0344308702141269,
	"r3_initiative": 2.42749198224469,
	"ranged": 56816.0170647057,
	"reach": 1340.81382577463
}