{
	"aff_art_atk": 4.52692482919367,
	"aff_art_hp": 0.0382603696405634,
	"aff_art_spd": 0.0291311730691143,
	"aff_cav_atk": 0.0125944361374128,
	"aff_cav_hp": 0.241840736675416,
	"aff_cav_spd": 0.0175832218191469,
	"aff_inf_atk": 0.0893559788081769,
	"aff_inf_hp": 0.175027672674533,
	"aff_inf_spd": 0.290571772792353,
	"art_center": -0.201181239388584,
	"art_front": 0.27651014469344,
	"art_value": 142.129918639548,
	"card_atk": 0.033859394399355,
	"card_hp": 0.118538425602501,
	"card_stam": 0.695973223104699,
	"cav_center": -0.126551155551067,
	"cav_front": 0.0119726527383522,
	"cav_value": 490692.583366007,
	"guard": 45.3277009427542,
	"haven": 532739.519514428,
	"hp": 0.0400872842246991,
	"inf_center": 0.0915754137363145,
	"inf_front": 1.54111895002426,
	"link_advance": 0.101105840403831,
	"material": 0.495965209949832,
	"protect": 2260.57652911237,
	"prox_scale": 274.221431171195,
	"prox_second": 0.0147688857807034,
	"r3_initiative": 1.9521411987929,
	"ranged": 4987.55167435976,
	"reach": 230.682138450507
}