{
	"aff_art_atk": 5.96809287511967,
	"aff_art_hp": 0.124289257580943,
	"aff_art_spd": 0.617986604312315,
	"aff_cav_atk": 0.909488965983635,
	"aff_cav_hp": 0.415259756672223,
	"aff_cav_spd": 1.57366401881248,
	"aff_inf_atk": 0.62763939271137,
	"aff_inf_hp": 0.975299273952817,
	"aff_inf_spd": 0.550896451621426,
	"art_center": -0.355188543292727,
	"art_front": 0.466472701928254,
	"art_value": 80.4355060439968,
	"card_atk": 2.05467028093007,
	"card_hp": 0.569198449113335,
	"card_stam": 1.3872484329801,
	"cav_center": -0.919833426585463,
	"cav_front": 0.0101170300866731,
	"cav_value": 7.2882795243851,
	"guard": 186.675272222848,
	"haven": 7396.04954834787,
	"hp": 3.60225635404424,
	"inf_center": 0.890362424364084,
	"inf_front": 0.331400165342191,
	"link_advance": 0.231060205280803,
	"material": 41.4392044612854,
	"protect": 234.944914325136,
	"prox_scale": 5.02275715501252,
	"prox_second": 1.47258724405511,
	"r3_initiative": 2.00208814337572,
	"ranged": 29.6565665499915,
	"reach": 858.185883323367
}