{
	"aff_art_atk": 4.33785635628011,
	"aff_art_hp": 0.0171911192285324,
	"aff_art_spd": 0.0467381181766455,
	"aff_cav_atk": 0.0154266653894097,
	"aff_cav_hp": 0.296184402806412,
	"aff_cav_spd": 0.0331285377376092,
	"aff_inf_atk": 0.026170192749313,
	"aff_inf_hp": 0.326601559259236,
	"aff_inf_spd": 0.170470616597228,
	"art_center": -0.225145194445744,
	"art_front": 0.270050427565712,
	"art_value": 174.003123608834,
	"card_atk": 0.0569745052188893,
	"card_hp": 0.126205640949699,
	"card_stam": 0.564773952758398,
	"cav_center": -0.0851497153254865,
	"cav_front": 0.015450866782841,
	"cav_value": 248818.556651091,
	"guard": 29.5518963137664,
	"haven": 566512.171247797,
	"hp": 0.0432439223488524,
	"inf_center": 0.0879936304993218,
	"inf_front": 1.19995574278381,
	"link_advance": 0.14580398279035,
	"material": 0.191626177728911,
	"protect": 2070.45409322762,
	"prox_scale": 599.459292909502,
	"prox_second": 0.014158573774147,
	"r3_initiative": 3.61691793668665,
	"ranged": 8540.65411843771,
	"reach": 226.608556973795
}