{
	"aff_art_atk": 6.66551642009138,
	"aff_art_hp": 0.0911909228027536,
	"aff_art_spd": 0.596947332333433,
	"aff_cav_atk": 1.02223090789899,
	"aff_cav_hp": 0.514303005794207,
	"aff_cav_spd": 1.53851372616713,
	"aff_inf_atk": 0.709021638266648,
	"aff_inf_hp": 0.936500920409918,
	"aff_inf_spd": 0.674414855294066,
	"art_center": -0.46681285330293,
	"art_front": 0.484177853091898,
	"art_value": 115.379527079869,
	"card_atk": 2.29279065372723,
	"card_hp": 0.622697927093862,
	"card_stam": 1.41896132037612,
	"cav_center": -1.12446807731731,
	"cav_front": 0.0131317070199715,
	"cav_value": 7.42222227059419,
	"guard": 141.484731771411,
	"haven": 8245.0188354475,
	"hp": 2.82427550753249,
	"inf_center": 0.633812243217371,
	"inf_front": 0.280764236020976,
	"link_advance": 0.147697953791485,
	"material": 38.1395832366685,
	"protect": 292.745649381594,
	"prox_scale": 5.85954623283839,
	"prox_second": 1.06357150564516,
	"r3_initiative": 2.22741062342501,
	"ranged": 34.460489959909,
	"reach": 675.761455371612
}