{
	"aff_art_atk": 2.59383239428484,
	"aff_art_hp": 0.0142369961073762,
	"aff_art_spd": 0.013344554725118,
	"aff_cav_atk": 0.292691668323744,
	"aff_cav_hp": 1.32311586233799,
	"aff_cav_spd": 4.53792772352189,
	"aff_inf_atk": 0.7871646822818,
	"aff_inf_hp": 0.0227422813772319,
	"aff_inf_spd": 0.029629982471935,
	"art_center": -0.168552156829497,
	"art_front": 0.0468714538590903,
	"art_value": 0.0324189438409554,
	"card_atk": 3.27099135206127,
	"card_hp": 0.0233852964096828,
	"card_stam": 1.16165801970162,
	"cav_center": -6.3091895616098,
	"cav_front": 0.0408037345095384,
	"cav_value": 0.0187711820109897,
	"guard": 16.2119516876608,
	"haven": 24225.8768694591,
	"hp": 7530.82641957931,
	"inf_center": 0.0247267698657113,
	"inf_front": 0.194173115234269,
	"link_advance": 192.860040592743,
	"material": 35367.7864644574,
	"protect": 343.824015691704,
	"prox_scale": 0.0311055236083547,
	"prox_second": 0.472784286836112,
	"r3_initiative": 292.569075767488,
	"ranged": 27.3192689050632,
	"reach": 14.362288244698
}