{
	"aff_art_atk": 1.91589943327443,
	"aff_art_hp": 0.0123797956665901,
	"aff_art_spd": 0.040428003901729,
	"aff_cav_atk": 0.0119703619215071,
	"aff_cav_hp": 0.0991760897768041,
	"aff_cav_spd": 0.0130146929251009,
	"aff_inf_atk": 0.177848149655803,
	"aff_inf_hp": 0.428480082814674,
	"aff_inf_spd": 0.286956404482994,
	"art_center": -1.35656389426304,
	"art_front": 8.63394429832618,
	"art_value": 18.55959054178,
	"card_atk": 0.0197845564774411,
	"card_hp": 0.343895783369797,
	"card_stam": 0.954203912522118,
	"cav_center": -0.661376752079447,
	"cav_front": 0.029736852186344,
	"cav_value": 1087971.30230462,
	"guard": 66.2719675011402,
	"haven": 124902.282132966,
	"hp": 0.0320100468728658,
	"inf_center": 0.0266865033227959,
	"inf_front": 3.21487023624034,
	"link_advance": 0.0369086011491807,
	"material": 0.126706145662637,
	"protect": 230.167770779455,
	"prox_scale": 131.329414783131,
	"prox_second": 0.0360289915397006,
	"r3_initiative": 0.328847821300308,
	"ranged": 103960.66946703,
	"reach": 73.352452609728
}