{
	"aff_art_atk": 0.01076125704368,
	"aff_art_hp": 0.384450674355084,
	"aff_art_spd": 36.5685986265412,
	"aff_cav_atk": 2.09626569849507,
	"aff_cav_hp": 0.838763855090824,
	"aff_cav_spd": 1530.29912655319,
	"aff_inf_atk": 42.7034592878728,
	"aff_inf_hp": 0.00984925636036938,
	"aff_inf_spd": 0.0118403688212751,
	"art_center": -10.4829325413007,
	"art_front": 0.0110425733345752,
	"art_value": 148870.854290038,
	"card_atk": 0.0108164030545382,
	"card_hp": 3.28663361755058,
	"card_stam": 23359.0988812051,
	"cav_center": -0.0441428477795212,
	"cav_front": 0.0396483679903061,
	"cav_value": 0.580268722978047,
	"guard": 0.0153482812884027,
	"haven": 15032.5308746482,
	"hp": 47.4490791797612,
	"inf_center": 128.612180816053,
	"inf_front": 0.0131801378929044,
	"link_advance": 0.0119070462453226,
	"material": 1.2543350328808,
	"protect": 73.859941861354,
	"prox_scale": 0.00988541128507793,
	"prox_second": 2.79927764878197,
	"r3_initiative": 0.0221588099231732,
	"ranged": 0.471815269559366,
	"reach": 16.2783041926158
}