{
	"aff_art_atk": 0.706506423705472,
	"aff_art_hp": 0.807371487955853,
	"aff_art_spd": 27.1424269232259,
	"aff_cav_atk": 0.0849480639518934,
	"aff_cav_hp": 1.18624587477049,
	"aff_cav_spd": 31.3530837875885,
	"aff_inf_atk": 2.86328012733803,
	"aff_inf_hp": 1.44743238521834,
	"aff_inf_spd": 0.183364632090533,
	"art_center": -1.81782666123527,
	"art_front": 2.59372414792309,
	"art_value": 130.664010337503,
	"card_atk": 4.4730235499586,
	"card_hp": 0.376097951249279,
	"card_stam": 2.14088056531286,
	"cav_center": -0.301135033837551,
	"cav_front": 0.0273730604855523,
	"cav_value": 6.07874704941535,
	"guard": 5.19957088688122,
	"haven": 27182.4995347758,
	"hp": 3.30085400413031,
	"inf_center": 0.377452344236708,
	"inf_front": 6.08325109077161,
	"link_advance": 0.0356221289211567,
	"material": 31.2065761277091,
	"protect": 2769.23056881394,
	"prox_scale": 0.161749848888204,
	"prox_second": 0.484657623449124,
	"r3_initiative": 5.60174082565066,
	"ranged": 20.043007265493,
	"reach": 358.878049158272
}