{
	"aff_art_atk": 0.0241072236758867,
	"aff_art_hp": 0.179346382924589,
	"aff_art_spd": 46.2264039067271,
	"aff_cav_atk": 1.89378199334154,
	"aff_cav_hp": 0.810436908240432,
	"aff_cav_spd": 1214.38831365491,
	"aff_inf_atk": 61.1985712511114,
	"aff_inf_hp": 0.0104461019765134,
	"aff_inf_spd": 0.0115286842432296,
	"art_center": -11.573957205916,
	"art_front": 0.0216474215053903,
	"art_value": 193543.322415108,
	"card_atk": 0.0140789302891649,
	"card_hp": 1.5636705566476,
	"card_stam": 32812.1342655654,
	"cav_center": -0.0455733136842653,
	"cav_front": 0.0135936936512071,
	"cav_value": 0.271449461595275,
	"guard": 0.0100092907219443,
	"haven": 12305.8500245466,
	"hp": 31.738564141882,
	"inf_center": 127.317490586416,
	"inf_front": 0.0120772151387522,
	"link_advance": 0.0100092907219443,
	"material": 2.41972975417788,
	"protect": 101.294643764912,
	"prox_scale": 0.0103234906576879,
	"prox_second": 2.87518201337995,
	"r3_initiative": 0.0152442595343208,
	"ranged": 1.22218530805769,
	"reach": 21.5365785649606
}