{
	"aff_art_atk": 2.78932713168416,
	"aff_art_hp": 0.10459955287819,
	"aff_art_spd": 1.5310930176928,
	"aff_cav_atk": 0.400059809443841,
	"aff_cav_hp": 0.168538080721702,
	"aff_cav_spd": 3.05203508733213,
	"aff_inf_atk": 0.897312362997755,
	"aff_inf_hp": 0.212704475067721,
	"aff_inf_spd": 0.0975512327811216,
	"art_center": -0.0673701562775036,
	"art_front": 0.0539139118546615,
	"art_value": 2.24818088166031,
	"card_atk": 3.90043807910625,
	"card_hp": 0.203743176490137,
	"card_stam": 0.759883296877933,
	"cav_center": -0.162379165405422,
	"cav_front": 0.0208188448930235,
	"cav_value": 1.00827491933531,
	"guard": 17.3688254439413,
	"haven": 3270.69890728325,
	"hp": 3.27685966276112,
	"inf_center": 3.63512053068875,
	"inf_front": 1.69127374543301,
	"link_advance": 0.1637036610458,
	"material": 186.89265660531,
	"protect": 164.682559729332,
	"prox_scale": 1.19521692370059,
	"prox_second": 2.45090342442697,
	"r3_initiative": 1.58771750737369,
	"ranged": 59.8730602357614,
	"reach": 61.4904535425959
}