{
	"aff_art_atk": 9.2202866362093,
	"aff_art_hp": 1.17375324563308,
	"aff_art_spd": 0.840768085593932,
	"aff_cav_atk": 0.8608268699174,
	"aff_cav_hp": 6.56218880434534,
	"aff_cav_spd": 0.894556862576015,
	"aff_inf_atk": 0.0318960617176107,
	"aff_inf_hp": 0.171363511169626,
	"aff_inf_spd": 0.714448424524736,
	"art_center": -0.546980464415465,
	"art_front": 1.84361622926302,
	"art_value": 20.3510209696044,
	"card_atk": 0.0596619594338775,
	"card_hp": 1.0265127519753,
	"card_stam": 1.30070133557173,
	"cav_center": -2.02331293307199,
	"cav_front": 0.019189012234518,
	"cav_value": 2120.24986091685,
	"guard": 570.198683388128,
	"haven": 59597.7273276873,
	"hp": 3.62976930185016,
	"inf_center": 0.0176403600146026,
	"inf_front": 0.589895209338911,
	"link_advance": 0.0119250763513801,
	"material": 2.25008486639195,
	"protect": 1802.13032639463,
	"prox_scale": 172.787920178933,
	"prox_second": 0.454117580257163,
	"r3_initiative": 0.0306597672327687,
	"ranged": 1614.95950398543,
	"reach": 2722.4126222665
}