{
	"aff_art_atk": 1.17290142725573,
	"aff_art_hp": 0.682975965102024,
	"aff_art_spd": 31.0327798844261,
	"aff_cav_atk": 0.0707986762774058,
	"aff_cav_hp": 1.28509141898444,
	"aff_cav_spd": 22.9535709544971,
	"aff_inf_atk": 2.55554313668825,
	"aff_inf_hp": 1.37495058283055,
	"aff_inf_spd": 0.173890854428335,
	"art_center": -4.63315470821687,
	"art_front": 1.76137632843977,
	"art_value": 68.7900233557749,
	"card_atk": 6.19337995312375,
	"card_hp": 0.510775738248725,
	"card_stam": 1.65056070789936,
	"cav_center": -0.312653456259236,
	"cav_front": 0.0333608024942625,
	"cav_value": 8.63561726657038,
	"guard": 7.66410243401648,
	"haven": 32155.3365347619,
	"hp": 3.91247305671262,
	"inf_center": 0.565662063651677,
	"inf_front": 13.9806633414753,
	"link_advance": 0.0583431267847381,
	"material": 36.8363711729839,
	"protect": 1633.95342680803,
	"prox_scale": 0.116960871837403,
	"prox_second": 1.0903212661334,
	"r3_initiative": 3.56517852953422,
	"ranged": 26.1969995863661,
	"reach": 197.024953601076
}