{
	"aff_art_atk": 0.644463173908156,
	"aff_art_hp": 369.520019814648,
	"aff_art_spd": 0.145875598074969,
	"aff_cav_atk": 0.0579128156276962,
	"aff_cav_hp": 3.46834611390283,
	"aff_cav_spd": 1.63258054496603,
	"aff_inf_atk": 0.116519133582204,
	"aff_inf_hp": 0.207575600813303,
	"aff_inf_spd": 0.513405118715092,
	"art_center": -26.5153940373855,
	"art_front": 5.5268028396444,
	"art_value": 104.64347325522,
	"card_atk": 4.29630632986549,
	"card_hp": 0.374293127834265,
	"card_stam": 0.758582885806134,
	"cav_center": -0.0178088738187604,
	"cav_front": 0.577301690879169,
	"cav_value": 36.2689327266904,
	"guard": 24.8173194979078,
	"haven": 9436.22366481854,
	"hp": 47.682870316057,
	"inf_center": 0.0199949850670946,
	"inf_front": 1.63969436163692,
	"link_advance": 1.12543228150835,
	"material": 3737.07088819354,
	"protect": 1484.09307717265,
	"prox_scale": 0.314224997029934,
	"prox_second": 0.0996737045954112,
	"r3_initiative": 0.0585015469113972,
	"ranged": 104.7259675409,
	"reach": 275.332597369701
}