{
	"aff_art_atk": 23.5302936016458,
	"aff_art_hp": 0.0903783270834842,
	"aff_art_spd": 24.911477376569,
	"aff_cav_atk": 0.01,
	"aff_cav_hp": 0.338151169961333,
	"aff_cav_spd": 149.411592254795,
	"aff_inf_atk": 14.8624934397741,
	"aff_inf_hp": 0.0213065552956437,
	"aff_inf_spd": 0.0202079222560391,
	"art_center": -11.4725578373323,
	"art_front": 0.0751379220085101,
	"art_value": 704.962610207943,
	"card_atk": 13.5276203785199,
	"card_hp": 0.364517366948791,
	"card_stam": 216.094046598446,
	"cav_center": -0.236826875949913,
	"cav_front": 0.0479028229573924,
	"cav_value": 13.9036600509471,
	"guard": 5.29373189682476,
	"haven": 193828.400216533,
	"hp": 1.4205910387969,
	"inf_center": 2.77982201493843,
	"inf_front": 0.363947330098937,
	"link_advance": 0.0164123842843137,
	"material": 454.241504209874,
	"protect": 476.7793484133,
	"prox_scale": 0.621571987521496,
	"prox_second": 1.38429618209546,
	"r3_initiative": 0.742437172128142,
	"ranged": 15.5779816556772,
	"reach": 33.5682381319695
}