{
	"aff_art_atk": 7.08502462638723,
	"aff_art_hp": 0.804117159315454,
	"aff_art_spd": 0.795120474531346,
	"aff_cav_atk": 0.491672116424757,
	"aff_cav_hp": 7.79830814216368,
	"aff_cav_spd": 0.484218320458517,
	"aff_inf_atk": 0.058182450010714,
	"aff_inf_hp": 0.182324309034399,
	"aff_inf_spd": 2.07791484275143,
	"art_center": -1.47594071528779,
	"art_front": 1.45902028938205,
	"art_value": 12.286726221747,
	"card_atk": 0.0529077387491283,
	"card_hp": 1.1025826293228,
	"card_stam": 0.829508810762923,
	"cav_center": -5.37226755472819,
	"cav_front": 0.030107761718833,
	"cav_value": 4430.89454507567,
	"guard": 274.859097015144,
	"haven": 57507.2738636578,
	"hp": 1.53570996617119,
	"inf_center": 0.0172911799000239,
	"inf_front": 0.544335653977291,
	"link_advance": 0.0130703902265085,
	"material": 4.83823162246683,
	"protect": 1667.10620398349,
	"prox_scale": 511.867205991909,
	"prox_second": 0.495570790107252,
	"r3_initiative": 0.0362266885437387,
	"ranged": 544.182865496558,
	"reach": 1788.45777940111
}