{
	"aff_art_atk": 2.84431761609965,
	"aff_art_hp": 0.273319266138342,
	"aff_art_spd": 0.912682890972566,
	"aff_cav_atk": 1.35703608408918,
	"aff_cav_hp": 0.494243709109234,
	"aff_cav_spd": 1.69348190527145,
	"aff_inf_atk": 0.999529457285585,
	"aff_inf_hp": 1.44531891781704,
	"aff_inf_spd": 0.365942452824761,
	"art_center": -0.217646523928904,
	"art_front": 0.745840212756737,
	"art_value": 16.7053939720282,
	"card_atk": 1.41477276655857,
	"card_hp": 0.731073858201017,
	"card_stam": 1.15915359086828,
	"cav_center": -0.635218008084277,
	"cav_front": 0.0148325119047145,
	"cav_value": 3.64452734191946,
	"guard": 231.532613603429,
	"haven": 12595.2865462793,
	"hp": 3.20782262364694,
	"inf_center": 0.497077351454123,
	"inf_front": 0.667512034876781,
	"link_advance": 0.390677647020041,
	"material": 62.4285698238772,
	"protect": 157.210490722636,
	"prox_scale": 7.89178110047977,
	"prox_second": 0.536395818352716,
	"r3_initiative": 2.70040818342483,
	"ranged": 83.5168013717804,
	"reach": 521.869444746835
}