{
	"aff_art_atk": 0.0342478416742301,
	"aff_art_hp": 0.743307244433638,
	"aff_art_spd": 128.607853792479,
	"aff_cav_atk": 3.57970850340259,
	"aff_cav_hp": 1.70685638658583,
	"aff_cav_spd": 8240.07645547957,
	"aff_inf_atk": 115.859126905578,
	"aff_inf_hp": 0.015007103474191,
	"aff_inf_spd": 0.0258236887851669,
	"art_center": -29.6367726198197,
	"art_front": 0.0119028943209763,
	"art_value": 464857.152005448,
	"card_atk": 0.0207814225896755,
	"card_hp": 9.90436581650413,
	"card_stam": 78302.5616628293,
	"cav_center": -0.148291606099225,
	"cav_front": 0.0807310579779564,
	"cav_value": 1.97952824634139,
	"guard": 0.0643962738450844,
	"haven": 30542.2966946103,
	"hp": 113.757233127866,
	"inf_center": 245.575152031267,
	"inf_front": 0.0122227600904161,
	"link_advance": 0.0204671248771523,
	"material": 2.06504888584886,
	"protect": 253.45368913987,
	"prox_scale": 0.0141497850604977,
	"prox_second": 6.17739176154721,
	"r3_initiative": 0.104661511218954,
	"ranged": 1.69764808685563,
	"reach": 56.989481965003
}