{
	"aff_art_atk": 22.1551815441829,
	"aff_art_hp": 1402.51274602004,
	"aff_art_spd": 96.5197218264641,
	"aff_cav_atk": 0.172998910763565,
	"aff_cav_hp": 72.1205057086222,
	"aff_cav_spd": 51.5403134857645,
	"aff_inf_atk": 0.0214837780253803,
	"aff_inf_hp": 0.126283986008426,
	"aff_inf_spd": 1.11732273924013,
	"art_center": -2275.72187657837,
	"art_front": 142.84660426851,
	"art_value": 35.0167205704339,
	"card_atk": 0.206667688954652,
	"card_hp": 0.0267911327164571,
	"card_stam": 2.18780395299607,
	"cav_center": -0.0529354135322595,
	"cav_front": 0.013828413840244,
	"cav_value": 141.899659654696,
	"guard": 70.1742080056527,
	"haven": 63.3565453283508,
	"hp": 111952.979140687,
	"inf_center": 0.0215066450603874,
	"inf_front": 14.2244638165061,
	"link_advance": 0.040782919462165,
	"material": 138.046381779604,
	"protect": 14595.9824528925,
	"prox_scale": 0.0413090061256166,
	"prox_second": 0.0947207023510072,
	"r3_initiative": 0.0620611858506522,
	"ranged": 6.75987242719455,
	"reach": 5.34605695034906
}