{
	"aff_art_atk": 14.4768162805937,
	"aff_art_hp": 1046.59023070636,
	"aff_art_spd": 142.853483201061,
	"aff_cav_atk": 0.279977043412441,
	"aff_cav_hp": 12.4246198206851,
	"aff_cav_spd": 45.6534732168963,
	"aff_inf_atk": 0.0348909362600094,
	"aff_inf_hp": 0.0319286370012826,
	"aff_inf_spd": 0.0217130757573151,
	"art_center": -34126.6013462886,
	"art_front": 230.13917540202,
	"art_value": 0.783807248591438,
	"card_atk": 0.119143602946349,
	"card_hp": 0.0107314805238986,
	"card_stam": 0.109742201696579,
	"cav_center": -0.0101867286518208,
	"cav_front": 0.0107354819367238,
	"cav_value": 3.66524913131825,
	"guard": 5.84510873589788,
	"haven": 3.28806106457927,
	"hp": 10411.8765114997,
	"inf_center": 0.107955812526613,
	"inf_front": 17.7297372165027,
	"link_advance": 0.0133303246951509,
	"material": 7.27314536745092,
	"protect": 1031.22311628029,
	"prox_scale": 0.11418320374203,
	"prox_second": 0.0282580262358866,
	"r3_initiative": 0.016274764714285,
	"ranged": 0.145173765580603,
	"reach": 3.38008102109215
}