{
	"aff_art_atk": 5.88971965745888,
	"aff_art_hp": 0.108121322778917,
	"aff_art_spd": 0.657045891806437,
	"aff_cav_atk": 1.03455952388533,
	"aff_cav_hp": 0.37467066944027,
	"aff_cav_spd": 1.94871639745297,
	"aff_inf_atk": 0.621436235960981,
	"aff_inf_hp": 0.989825751899458,
	"aff_inf_spd": 0.542421666679536,
	"art_center": -0.391358203429626,
	"art_front": 0.426715843633484,
	"art_value": 85.3802326635759,
	"card_atk": 2.17425840653015,
	"card_hp": 0.616109262614405,
	"card_stam": 1.27803509465666,
	"cav_center": -0.816400712313015,
	"cav_front": 0.0108495126932814,
	"cav_value": 7.32035865714053,
	"guard": 179.427475625958,
	"haven": 7492.60213913644,
	"hp": 3.54997331807072,
	"inf_center": 0.798590112954346,
	"inf_front": 0.321650672902978,
	"link_advance": 0.210794442615706,
	"material": 39.0620878733422,
	"protect": 237.451627401191,
	"prox_scale": 5.43205580297154,
	"prox_second": 1.17064307427006,
	"r3_initiative": 1.85644049417874,
	"ranged": 30.883724640236,
	"reach": 966.738423440405
}