{
	"aff_art_atk": 2.47472021888624,
	"aff_art_hp": 0.0714649677747794,
	"aff_art_spd": 1.58459184566977,
	"aff_cav_atk": 0.416542197004545,
	"aff_cav_hp": 0.103025123568289,
	"aff_cav_spd": 2.6638108623145,
	"aff_inf_atk": 0.643289681920178,
	"aff_inf_hp": 0.236320482171114,
	"aff_inf_spd": 0.158144846978796,
	"art_center": -0.095969601641272,
	"art_front": 0.0574065850291697,
	"art_value": 3.08899747374054,
	"card_atk": 2.47571291715916,
	"card_hp": 0.224433539266258,
	"card_stam": 1.14530462473436,
	"cav_center": -0.169583638539132,
	"cav_front": 0.0187601616755021,
	"cav_value": 0.975990723092775,
	"guard": 10.929876054904,
	"haven": 4180.52404831964,
	"hp": 3.99928693843356,
	"inf_center": 3.38329000381028,
	"inf_front": 1.62034060994551,
	"link_advance": 0.166031164980453,
	"material": 264.190007645384,
	"protect": 175.981671897346,
	"prox_scale": 0.976071132801516,
	"prox_second": 2.1056319570389,
	"r3_initiative": 1.7988794381494,
	"ranged": 71.3029647986519,
	"reach": 53.799205096819
}