{
	"aff_art_atk": 2.37639185609426,
	"aff_art_hp": 0.285816906588479,
	"aff_art_spd": 0.931066496103099,
	"aff_cav_atk": 1.50155844118025,
	"aff_cav_hp": 0.564516999349877,
	"aff_cav_spd": 1.47164920312612,
	"aff_inf_atk": 1.15467065913442,
	"aff_inf_hp": 1.57214355679667,
	"aff_inf_spd": 0.326873656299523,
	"art_center": -0.250985822674941,
	"art_front": 0.70909666970054,
	"art_value": 16.1310723008028,
	"card_atk": 1.22896467688867,
	"card_hp": 0.755913969724942,
	"card_stam": 1.21605307292662,
	"cav_center": -0.592601201525271,
	"cav_front": 0.0157767850299804,
	"cav_value": 3.42904827846673,
	"guard": 254.631066204135,
	"haven": 11430.102736188,
	"hp": 3.23415492818232,
	"inf_center": 0.463737281985707,
	"inf_front": 0.710457014416281,
	"link_advance": 0.37813258985873,
	"material": 59.726012528177,
	"protect": 144.458686280978,
	"prox_scale": 8.14278107010004,
	"prox_second": 0.490456841729692,
	"r3_initiative": 2.63926539552968,
	"ranged": 78.3363888429544,
	"reach": 515.465285607244
}