{
	"aff_art_atk": 3.82084370129441,
	"aff_art_hp": 0.028921971826252,
	"aff_art_spd": 0.022907827460214,
	"aff_cav_atk": 0.0132858217962023,
	"aff_cav_hp": 0.252951192233463,
	"aff_cav_spd": 0.0211894436564309,
	"aff_inf_atk": 0.0953924200920871,
	"aff_inf_hp": 0.217015570723035,
	"aff_inf_spd": 0.301048016522428,
	"art_center": -0.208332319383254,
	"art_front": 0.307771450076089,
	"art_value": 177.347565101392,
	"card_atk": 0.0334589757898276,
	"card_hp": 0.132953950236226,
	"card_stam": 0.537518341884609,
	"cav_center": -0.0975123983665164,
	"cav_front": 0.0112672853888951,
	"cav_value": 555266.899554815,
	"guard": 38.602638920072,
	"haven": 565437.407082272,
	"hp": 0.055976071389611,
	"inf_center": 0.080502569863773,
	"inf_front": 1.21238627635115,
	"link_advance": 0.10641666099816,
	"material": 0.387997303603376,
	"protect": 2502.70790514729,
	"prox_scale": 317.184286120993,
	"prox_second": 0.0146741638557089,
	"r3_initiative": 2.10224381638543,
	"ranged": 6179.40414918261,
	"reach": 204.568093529534
}