{
	"aff_art_atk": 1.02197100200748,
	"aff_art_hp": 698.855827833627,
	"aff_art_spd": 0.135018783256879,
	"aff_cav_atk": 0.0236123884789607,
	"aff_cav_hp": 4.42189813221214,
	"aff_cav_spd": 1.66974098551761,
	"aff_inf_atk": 0.364037991258481,
	"aff_inf_hp": 0.352913379178339,
	"aff_inf_spd": 0.210059202517918,
	"art_center": -22.4154351712072,
	"art_front": 9.89116623349148,
	"art_value": 236.473373546015,
	"card_atk": 4.95094338840467,
	"card_hp": 0.423732145417985,
	"card_stam": 0.79074538817014,
	"cav_center": -0.0242374303846564,
	"cav_front": 0.233332137579852,
	"cav_value": 83.6037476678522,
	"guard": 80.8434535277914,
	"haven": 3585.44786940995,
	"hp": 258.946384504873,
	"inf_center": 0.0151354403699274,
	"inf_front": 1.34173082454452,
	"link_advance": 0.657945867131306,
	"material": 1759.33430180181,
	"protect": 492.11587096629,
	"prox_scale": 0.903675427139708,
	"prox_second": 0.080761349499353,
	"r3_initiative": 0.0868161514046144,
	"ranged": 123.716307864062,
	"reach": 321.776730032724
}