{
	"aff_art_atk": 12.0341592837833,
	"aff_art_hp": 200.661306576449,
	"aff_art_spd": 124.208635422334,
	"aff_cav_atk": 0.508707992208335,
	"aff_cav_hp": 0.936946545025961,
	"aff_cav_spd": 4.31176506600713,
	"aff_inf_atk": 0.401989241800378,
	"aff_inf_hp": 0.05485927160794,
	"aff_inf_spd": 0.0827021275775739,
	"art_center": -4835.30554173554,
	"art_front": 9.35377633988753,
	"art_value": 20.3185513031358,
	"card_atk": 0.0653583338311881,
	"card_hp": 0.120756993738821,
	"card_stam": 0.061442675900911,
	"cav_center": -0.0241012685090711,
	"cav_front": 0.681844950220992,
	"cav_value": 0.60898362112126,
	"guard": 8.48288371025462,
	"haven": 0.288442178381764,
	"hp": 1723.8174364609,
	"inf_center": 0.233658690428129,
	"inf_front": 67.7173630362271,
	"link_advance": 0.0835762057008474,
	"material": 14.8975200047981,
	"protect": 124.390963012504,
	"prox_scale": 0.0154233510183268,
	"prox_second": 0.119755538905225,
	"r3_initiative": 0.0439147923117116,
	"ranged": 0.320122188233687,
	"reach": 2.11086042428723
}