{
	"aff_art_atk": 0.626054863558635,
	"aff_art_hp": 1.32487800606924,
	"aff_art_spd": 28.268276781288,
	"aff_cav_atk": 0.0401817943809279,
	"aff_cav_hp": 2.94754603985388,
	"aff_cav_spd": 19.7073539162412,
	"aff_inf_atk": 1.90436011357809,
	"aff_inf_hp": 1.8206900995459,
	"aff_inf_spd": 0.164438394760852,
	"art_center": -0.726233705646842,
	"art_front": 0.735068394522511,
	"art_value": 245.540867942823,
	"card_atk": 7.06368631099101,
	"card_hp": 0.706900828624982,
	"card_stam": 3.01258961673879,
	"cav_center": -0.241839136336723,
	"cav_front": 0.039117737551043,
	"cav_value": 12.63659021039,
	"guard": 10.0931080187787,
	"haven": 43592.7544271872,
	"hp": 2.10227364834485,
	"inf_center": 0.201398637759982,
	"inf_front": 8.88310654207915,
	"link_advance": 0.0312195634651251,
	"material": 14.3236691132436,
	"protect": 2524.0130460811,
	"prox_scale": 0.199267646751265,
	"prox_second": 0.38086925309699,
	"r3_initiative": 2.74114835372929,
	"ranged": 15.5163486826357,
	"reach": 255.624680496364
}