{
	"aff_art_atk": 5.91370098224986,
	"aff_art_hp": 0.107486187827758,
	"aff_art_spd": 0.682029168091966,
	"aff_cav_atk": 1.02036051759585,
	"aff_cav_hp": 0.366688226353512,
	"aff_cav_spd": 2.00393625198213,
	"aff_inf_atk": 0.650673026394039,
	"aff_inf_hp": 0.912483831422253,
	"aff_inf_spd": 0.529462121297873,
	"art_center": -0.390220779795377,
	"art_front": 0.423375437348113,
	"art_value": 87.9998852305775,
	"card_atk": 2.1334471108311,
	"card_hp": 0.630979581611758,
	"card_stam": 1.2754273049769,
	"cav_center": -0.781198286137721,
	"cav_front": 0.0111866714387796,
	"cav_value": 7.21351367295767,
	"guard": 174.980322694179,
	"haven": 7454.22572461888,
	"hp": 3.6442613392031,
	"inf_center": 0.813098844964907,
	"inf_front": 0.324686890456366,
	"link_advance": 0.221226860193227,
	"material": 39.873315066272,
	"protect": 257.330193604632,
	"prox_scale": 5.49732136210289,
	"prox_second": 1.10655789961578,
	"r3_initiative": 1.9052697330242,
	"ranged": 30.9779370483239,
	"reach": 903.113753957588
}