{
	"aff_art_atk": 4.71280631826128,
	"aff_art_hp": 0.0158433606840765,
	"aff_art_spd": 0.0501290539891247,
	"aff_cav_atk": 0.0130680678550381,
	"aff_cav_hp": 0.352619864819839,
	"aff_cav_spd": 0.0258656139861792,
	"aff_inf_atk": 0.0319629965788746,
	"aff_inf_hp": 0.395015022742069,
	"aff_inf_spd": 0.239326848605334,
	"art_center": -0.135427337702219,
	"art_front": 0.27309384588177,
	"art_value": 184.079073273987,
	"card_atk": 0.0531452308639843,
	"card_hp": 0.109253774822426,
	"card_stam": 0.538917608799145,
	"cav_center": -0.0588213864642259,
	"cav_front": 0.0125020347823456,
	"cav_value": 253966.089062449,
	"guard": 26.6350703207026,
	"haven": 574366.185556164,
	"hp": 0.0416679064459989,
	"inf_center": 0.084099687729121,
	"inf_front": 1.76613188286585,
	"link_advance": 0.185818849929997,
	"material": 0.195477419481307,
	"protect": 2278.85514356769,
	"prox_scale": 439.988550640746,
	"prox_second": 0.0183275139621802,
	"r3_initiative": 4.57048278500887,
	"ranged": 7474.77156047463,
	"reach": 245.286211326988
}