{
	"aff_art_atk": 5.79326869409326,
	"aff_art_hp": 2.32626138999723,
	"aff_art_spd": 0.436381652908936,
	"aff_cav_atk": 0.847319770364737,
	"aff_cav_hp": 3.03249708422008,
	"aff_cav_spd": 0.755974342877264,
	"aff_inf_atk": 0.134366520185773,
	"aff_inf_hp": 0.317849570221288,
	"aff_inf_spd": 3.32381382423461,
	"art_center": -1.73942478212923,
	"art_front": 0.778676489049416,
	"art_value": 12.453553796691,
	"card_atk": 0.0394821420484294,
	"card_hp": 0.499539242582312,
	"card_stam": 3.75656577257959,
	"cav_center": -2.51269152021224,
	"cav_front": 0.0357316841306361,
	"cav_value": 1097.69648465656,
	"guard": 166.283911541553,
	"haven": 78196.5724049963,
	"hp": 1.2748731950833,
	"inf_center": 0.0426025607183773,
	"inf_front": 0.21824848121956,
	"link_advance": 0.0245072573294436,
	"material": 4.52571433703949,
	"protect": 1931.83869861529,
	"prox_scale": 18.9094821299631,
	"prox_second": 0.340314171446164,
	"r3_initiative": 0.181560907691414,
	"ranged": 281.266298552917,
	"reach": 2294.75030602447
}