{
	"aff_art_atk": 4.72035190546959,
	"aff_art_hp": 0.0201752531615065,
	"aff_art_spd": 0.0377117644350118,
	"aff_cav_atk": 0.0120707723546307,
	"aff_cav_hp": 0.260831684837244,
	"aff_cav_spd": 0.0328495925609014,
	"aff_inf_atk": 0.0238883142004754,
	"aff_inf_hp": 0.36351352854243,
	"aff_inf_spd": 0.165187408606241,
	"art_center": -0.24434921094355,
	"art_front": 0.483629922007796,
	"art_value": 156.019410176095,
	"card_atk": 0.0524879311012491,
	"card_hp": 0.123809312900761,
	"card_stam": 0.613796341727018,
	"cav_center": -0.103236286381562,
	"cav_front": 0.0131802332410766,
	"cav_value": 330082.897241957,
	"guard": 24.7823160760864,
	"haven": 482648.66446104,
	"hp": 0.0424157346720949,
	"inf_center": 0.0811126740090476,
	"inf_front": 1.10757515605681,
	"link_advance": 0.136020633500126,
	"material": 0.271497872062118,
	"protect": 1597.27242709687,
	"prox_scale": 589.489352073169,
	"prox_second": 0.0123095684871677,
	"r3_initiative": 3.75593797428897,
	"ranged": 10897.2655373271,
	"reach": 202.128069209686
}