{
	"aff_art_atk": 0.0235355997918954,
	"aff_art_hp": 0.214737707936796,
	"aff_art_spd": 49.2481270517704,
	"aff_cav_atk": 2.54724213190381,
	"aff_cav_hp": 0.705679405990637,
	"aff_cav_spd": 1430.80683316303,
	"aff_inf_atk": 47.9851373044845,
	"aff_inf_hp": 0.0115539470780796,
	"aff_inf_spd": 0.0100456249571323,
	"art_center": -13.2227340412733,
	"art_front": 0.0168448235756014,
	"art_value": 183751.730510519,
	"card_atk": 0.0125294631543069,
	"card_hp": 1.79050524272481,
	"card_stam": 31333.1420077213,
	"cav_center": -0.0403801681174387,
	"cav_front": 0.011521885384838,
	"cav_value": 0.212524110459907,
	"guard": 0.01226791079889,
	"haven": 11823.3987706741,
	"hp": 27.7039040746768,
	"inf_center": 97.6265375238389,
	"inf_front": 0.0149535004302972,
	"link_advance": 0.0129722264073927,
	"material": 3.0540607984805,
	"protect": 113.341025145019,
	"prox_scale": 0.0100456249571323,
	"prox_second": 3.43135150035604,
	"r3_initiative": 0.012917268041297,
	"ranged": 1.20162143006083,
	"reach": 19.8718730042001
}