{
	"aff_art_atk": 4.13277837210472,
	"aff_art_hp": 0.039512377524436,
	"aff_art_spd": 0.342124179521741,
	"aff_cav_atk": 0.600618690175456,
	"aff_cav_hp": 0.19525248717512,
	"aff_cav_spd": 0.872947467116509,
	"aff_inf_atk": 0.264529427028319,
	"aff_inf_hp": 0.474899641812075,
	"aff_inf_spd": 0.473166042382569,
	"art_center": -0.42449589830932,
	"art_front": 0.590504793881869,
	"art_value": 63.1843238363971,
	"card_atk": 1.19566322526608,
	"card_hp": 0.247698707782527,
	"card_stam": 0.532001297030892,
	"cav_center": -0.737723987288559,
	"cav_front": 0.0141480126351589,
	"cav_value": 4.49514202182263,
	"guard": 64.0752537968676,
	"haven": 4378.85918939402,
	"hp": 1.14732134838558,
	"inf_center": 0.26790906227151,
	"inf_front": 0.134444372437788,
	"link_advance": 0.0830719413945927,
	"material": 26.9669590909122,
	"protect": 234.003605818063,
	"prox_scale": 4.25280858194237,
	"prox_second": 0.390069461976704,
	"r3_initiative": 0.631357600896657,
	"ranged": 21.7537808736009,
	"reach": 515.312720338763
}