{
	"aff_art_atk": 15.11700649154,
	"aff_art_hp": 191.200963196706,
	"aff_art_spd": 123.940753391266,
	"aff_cav_atk": 0.439888174614855,
	"aff_cav_hp": 0.956437762313237,
	"aff_cav_spd": 2.81608857477627,
	"aff_inf_atk": 0.702703205884042,
	"aff_inf_hp": 0.050649959511965,
	"aff_inf_spd": 0.0822058642420737,
	"art_center": -4445.52129887857,
	"art_front": 9.96237482240477,
	"art_value": 15.3137791755358,
	"card_atk": 0.0789612456214479,
	"card_hp": 0.123604475358076,
	"card_stam": 0.0748345698590573,
	"cav_center": -0.0202352802242916,
	"cav_front": 1.07773257506705,
	"cav_value": 0.61032202744073,
	"guard": 8.27202913804456,
	"haven": 0.273709008138283,
	"hp": 1482.57023197436,
	"inf_center": 0.265333993006811,
	"inf_front": 88.3163170686177,
	"link_advance": 0.0704037620127431,
	"material": 14.6605672674869,
	"protect": 150.630412706628,
	"prox_scale": 0.0175215485327022,
	"prox_second": 0.10532648197501,
	"r3_initiative": 0.0233023478124422,
	"ranged": 0.393613115957805,
	"reach": 1.67584833661589
}