{
	"aff_art_atk": 1.77964510510412,
	"aff_art_hp": 0.111132923793961,
	"aff_art_spd": 5.86193349564895,
	"aff_cav_atk": 1.36501950088008,
	"aff_cav_hp": 0.0172528259665253,
	"aff_cav_spd": 2.48275891305708,
	"aff_inf_atk": 0.288410068925732,
	"aff_inf_hp": 0.225844820035162,
	"aff_inf_spd": 0.634052011913019,
	"art_center": -0.24175621837472,
	"art_front": 0.0913630257164252,
	"art_value": 3.32834675872211,
	"card_atk": 1.74866044443349,
	"card_hp": 0.372491761158552,
	"card_stam": 4.63937823637096,
	"cav_center": -0.0452902994394762,
	"cav_front": 0.0118305556250075,
	"cav_value": 0.229994309251993,
	"guard": 10.5798646633561,
	"haven": 3167.55642640897,
	"hp": 11.9244592664776,
	"inf_center": 1.63997368467904,
	"inf_front": 2.01135907260064,
	"link_advance": 0.515104005711789,
	"material": 245.106879057133,
	"protect": 232.492061091255,
	"prox_scale": 0.345118679838513,
	"prox_second": 0.134181038068296,
	"r3_initiative": 5.80925898516374,
	"ranged": 38.9566406467401,
	"reach": 91.3941076964952
}