{
	"aff_art_atk": 6.12507782327044,
	"aff_art_hp": 0.114739366153107,
	"aff_art_spd": 0.590560513208057,
	"aff_cav_atk": 0.936926981942285,
	"aff_cav_hp": 0.39536253526066,
	"aff_cav_spd": 1.71380157791841,
	"aff_inf_atk": 0.652983487020627,
	"aff_inf_hp": 0.94953770324988,
	"aff_inf_spd": 0.568449313329699,
	"art_center": -0.369716766707818,
	"art_front": 0.452144715991954,
	"art_value": 83.9644542739515,
	"card_atk": 2.01935038389294,
	"card_hp": 0.569466003850421,
	"card_stam": 1.3987419545037,
	"cav_center": -0.869218973226134,
	"cav_front": 0.010115673770694,
	"cav_value": 7.83215495267859,
	"guard": 184.778139971175,
	"haven": 7660.35284267275,
	"hp": 3.58460514849569,
	"inf_center": 0.802189976437005,
	"inf_front": 0.334905813530643,
	"link_advance": 0.235269639771078,
	"material": 41.6002080135829,
	"protect": 228.273809173409,
	"prox_scale": 5.3613931796628,
	"prox_second": 1.41857922503818,
	"r3_initiative": 1.98399489194775,
	"ranged": 29.8057187300438,
	"reach": 839.221275361387
}