{
	"aff_art_atk": 2.73889002423177,
	"aff_art_hp": 0.278840370584872,
	"aff_art_spd": 0.851607451466636,
	"aff_cav_atk": 1.41308192600845,
	"aff_cav_hp": 0.502913560198857,
	"aff_cav_spd": 1.61486183843735,
	"aff_inf_atk": 1.07351553407922,
	"aff_inf_hp": 1.47339393902342,
	"aff_inf_spd": 0.350933394843787,
	"art_center": -0.237488949605532,
	"art_front": 0.793670633905105,
	"art_value": 15.9817048690595,
	"card_atk": 1.32422938306058,
	"card_hp": 0.798227157572094,
	"card_stam": 1.28501115973377,
	"cav_center": -0.608129180009854,
	"cav_front": 0.0153888243690843,
	"cav_value": 3.56028976096976,
	"guard": 264.541347013926,
	"haven": 11956.6050508058,
	"hp": 3.28049535595077,
	"inf_center": 0.471114784835456,
	"inf_front": 0.685926001288984,
	"link_advance": 0.374592762335389,
	"material": 63.4773649564019,
	"protect": 149.554335266531,
	"prox_scale": 8.46515928687154,
	"prox_second": 0.516520568108075,
	"r3_initiative": 2.37761344509628,
	"ranged": 80.5080523079785,
	"reach": 480.554688115079
}