{
	"aff_art_atk": 1.25860091741513,
	"aff_art_hp": 0.150116795989731,
	"aff_art_spd": 6.75003084988049,
	"aff_cav_atk": 1.6852609791277,
	"aff_cav_hp": 0.0212206323187526,
	"aff_cav_spd": 2.63340351050425,
	"aff_inf_atk": 0.33824719843252,
	"aff_inf_hp": 0.166989191893003,
	"aff_inf_spd": 0.603168092571856,
	"art_center": -0.231847638969639,
	"art_front": 0.106243532159823,
	"art_value": 2.34029364601645,
	"card_atk": 1.49259973187917,
	"card_hp": 0.282525367424712,
	"card_stam": 3.28484224569896,
	"cav_center": -0.0491821708757956,
	"cav_front": 0.0103241856495623,
	"cav_value": 0.17570983516531,
	"guard": 8.77388652454874,
	"haven": 3313.62912573214,
	"hp": 17.3155455161471,
	"inf_center": 2.62337773951703,
	"inf_front": 1.91151064814328,
	"link_advance": 0.506149280947227,
	"material": 302.211081456905,
	"protect": 199.200889886901,
	"prox_scale": 0.567201543603507,
	"prox_second": 0.173317715755357,
	"r3_initiative": 2.82555116647572,
	"ranged": 46.9342071822973,
	"reach": 97.1605894461063
}