{
	"aff_art_atk": 2.18360130003088,
	"aff_art_hp": 0.0102674125290797,
	"aff_art_spd": 0.0442784027492552,
	"aff_cav_atk": 0.0143710473493548,
	"aff_cav_hp": 0.0544663253214029,
	"aff_cav_spd": 0.0183654423981954,
	"aff_inf_atk": 0.128774187638569,
	"aff_inf_hp": 0.54459651049225,
	"aff_inf_spd": 0.339125134372613,
	"art_center": -1.20425881257632,
	"art_front": 7.90219182287531,
	"art_value": 26.2231589552341,
	"card_atk": 0.0181693026628485,
	"card_hp": 0.36483394019718,
	"card_stam": 0.850781415270044,
	"cav_center": -0.647459127443982,
	"cav_front": 0.0273946602359892,
	"cav_value": 771964.356638729,
	"guard": 74.0017714794293,
	"haven": 124399.577268885,
	"hp": 0.0228006878925495,
	"inf_center": 0.0198589958586455,
	"inf_front": 2.35292316118971,
	"link_advance": 0.0415156401783179,
	"material": 0.121649153495919,
	"protect": 430.220171738588,
	"prox_scale": 191.96908787815,
	"prox_second": 0.0416062609352758,
	"r3_initiative": 0.376420773625669,
	"ranged": 85870.3572857384,
	"reach": 78.9424723053859
}