{
	"aff_art_atk": 5.44514297470318,
	"aff_art_hp": 2.62170037561251,
	"aff_art_spd": 0.335017753123716,
	"aff_cav_atk": 0.817260424065704,
	"aff_cav_hp": 11.5462655374357,
	"aff_cav_spd": 0.875836450091055,
	"aff_inf_atk": 0.0574993840309526,
	"aff_inf_hp": 0.608721063275115,
	"aff_inf_spd": 1.7412696481803,
	"art_center": -0.479819223607133,
	"art_front": 0.889122582067532,
	"art_value": 31.4361814089438,
	"card_atk": 0.0677275353360633,
	"card_hp": 0.60619356631654,
	"card_stam": 3.33275530728379,
	"cav_center": -2.95307556349131,
	"cav_front": 0.0344003090072863,
	"cav_value": 1612.06243188429,
	"guard": 223.453350149637,
	"haven": 101446.330667825,
	"hp": 1.07897830623267,
	"inf_center": 0.0177342436891653,
	"inf_front": 0.144119711273894,
	"link_advance": 0.0138289290454391,
	"material": 3.98215981336693,
	"protect": 2302.12788550615,
	"prox_scale": 87.3210399443101,
	"prox_second": 0.412266823593992,
	"r3_initiative": 0.0543366342912042,
	"ranged": 781.602237525716,
	"reach": 3519.92875204803
}