{
	"aff_art_atk": 5.1206636149049,
	"aff_art_hp": 1.4577876641092,
	"aff_art_spd": 11081.3231414059,
	"aff_cav_atk": 0.0346029372684008,
	"aff_cav_hp": 0.0374815050801535,
	"aff_cav_spd": 4.78162914802878,
	"aff_inf_atk": 0.042813176144255,
	"aff_inf_hp": 53.5317239499373,
	"aff_inf_spd": 21.9137139872292,
	"art_center": -420.554778293182,
	"art_front": 210.733422428438,
	"art_value": 18.5941853703883,
	"card_atk": 0.0388445048446207,
	"card_hp": 0.0658006990196101,
	"card_stam": 0.025680924118954,
	"cav_center": -0.295291258370096,
	"cav_front": 0.0126046846009133,
	"cav_value": 2.12537902721789,
	"guard": 39.986164740444,
	"haven": 0.0804317454247114,
	"hp": 985.359212459175,
	"inf_center": 0.94424227770405,
	"inf_front": 9.66361872407036,
	"link_advance": 0.075702645415274,
	"material": 5.01124737805714,
	"protect": 4.6443488049307,
	"prox_scale": 0.0201257778824879,
	"prox_second": 0.0391290408125699,
	"r3_initiative": 0.659112058731384,
	"ranged": 21.7855466081438,
	"reach": 0.22362920270215
}