{
	"aff_art_atk": 10.0229890217402,
	"aff_art_hp": 229.415985084155,
	"aff_art_spd": 141.560734413153,
	"aff_cav_atk": 0.327293580901865,
	"aff_cav_hp": 1.20007644217082,
	"aff_cav_spd": 2.0929843467952,
	"aff_inf_atk": 0.360134670434234,
	"aff_inf_hp": 0.0149559040508363,
	"aff_inf_spd": 0.124901765536725,
	"art_center": -1377.27792462956,
	"art_front": 21.769775151313,
	"art_value": 69.7961044838252,
	"card_atk": 0.0351373068084258,
	"card_hp": 0.0930177595064557,
	"card_stam": 0.0469807650830683,
	"cav_center": -0.0142993936176819,
	"cav_front": 0.861470391193984,
	"cav_value": 0.771945743941677,
	"guard": 5.86154289479526,
	"haven": 0.108945364042491,
	"hp": 997.679618567239,
	"inf_center": 0.436007815486781,
	"inf_front": 654.960592058295,
	"link_advance": 0.0900578921469641,
	"material": 18.2960465046848,
	"protect": 157.405942956906,
	"prox_scale": 0.0256416748344509,
	"prox_second": 0.0838752904783445,
	"r3_initiative": 0.0561291050545132,
	"ranged": 0.356758831108877,
	"reach": 2.54095840726424
}