{
	"aff_art_atk": 1.43369668708956,
	"aff_art_hp": 0.112204096087207,
	"aff_art_spd": 6.22456110009092,
	"aff_cav_atk": 1.16320870841534,
	"aff_cav_hp": 0.0173611684667026,
	"aff_cav_spd": 2.6604023570071,
	"aff_inf_atk": 0.1963081034143,
	"aff_inf_hp": 0.214005206673087,
	"aff_inf_spd": 0.850513034603304,
	"art_center": -0.267075440931298,
	"art_front": 0.0959045160862181,
	"art_value": 2.99768808173572,
	"card_atk": 1.89757847871238,
	"card_hp": 0.371458594815682,
	"card_stam": 6.36376768354583,
	"cav_center": -0.0516545110874698,
	"cav_front": 0.0145984773003293,
	"cav_value": 0.247510508060834,
	"guard": 15.8194082821449,
	"haven": 3982.89132006192,
	"hp": 15.26104719219,
	"inf_center": 1.51570807525739,
	"inf_front": 1.26719369888968,
	"link_advance": 0.354518740517508,
	"material": 223.52748539853,
	"protect": 169.148130279291,
	"prox_scale": 0.392645952830651,
	"prox_second": 0.118186786088236,
	"r3_initiative": 5.93254801407967,
	"ranged": 34.8932661005517,
	"reach": 96.6658332922923
}