{
	"aff_art_atk": 0.463689948258223,
	"aff_art_hp": 0.317055478472957,
	"aff_art_spd": 70.4956343282088,
	"aff_cav_atk": 0.236460998937213,
	"aff_cav_hp": 1.24043448653962,
	"aff_cav_spd": 41.7123149749646,
	"aff_inf_atk": 2.58166763046226,
	"aff_inf_hp": 1.24388240351743,
	"aff_inf_spd": 0.0831990008235487,
	"art_center": -7.52739449727949,
	"art_front": 0.822697852461735,
	"art_value": 43.4104914353739,
	"card_atk": 3.15212674007515,
	"card_hp": 0.495699131966731,
	"card_stam": 1.23518676919075,
	"cav_center": -0.257125490040082,
	"cav_front": 0.0176866314713045,
	"cav_value": 6.90944394925662,
	"guard": 15.0585845258201,
	"haven": 23392.8803414461,
	"hp": 4.83565029511923,
	"inf_center": 0.476196080792183,
	"inf_front": 12.4821560455205,
	"link_advance": 0.0331427011450441,
	"material": 53.625690662028,
	"protect": 1245.26799710651,
	"prox_scale": 0.122233866707792,
	"prox_second": 0.319065866222817,
	"r3_initiative": 4.51043087236045,
	"ranged": 25.0168997978256,
	"reach": 136.488258718476
}