{
	"aff_art_atk": 2.02084731540371,
	"aff_art_hp": 0.0178754872050779,
	"aff_art_spd": 0.035772226446617,
	"aff_cav_atk": 0.0254350683114966,
	"aff_cav_hp": 0.282885219311561,
	"aff_cav_spd": 0.0119053143224679,
	"aff_inf_atk": 0.0623291223078907,
	"aff_inf_hp": 0.129881367511685,
	"aff_inf_spd": 0.823848325766704,
	"art_center": -0.606468504318751,
	"art_front": 0.419676628124095,
	"art_value": 57.4616827051621,
	"card_atk": 0.0223655660886114,
	"card_hp": 0.11024046122541,
	"card_stam": 0.210836017226951,
	"cav_center": -0.233576471082427,
	"cav_front": 0.0268098746081681,
	"cav_value": 559033.953378052,
	"guard": 88.4096826334309,
	"haven": 338255.947394622,
	"hp": 0.0352687103115947,
	"inf_center": 0.0498340090399265,
	"inf_front": 1.44806905975638,
	"link_advance": 0.112601408603407,
	"material": 0.294315382174599,
	"protect": 2942.05215718316,
	"prox_scale": 177.579145555441,
	"prox_second": 0.0155030243661482,
	"r3_initiative": 1.88448944742498,
	"ranged": 11310.8938666912,
	"reach": 331.969834669246
}