{
	"aff_art_atk": 2.31117707471739,
	"aff_art_hp": 0.287935503808007,
	"aff_art_spd": 0.855623802623272,
	"aff_cav_atk": 1.51168826728364,
	"aff_cav_hp": 0.602922762811428,
	"aff_cav_spd": 1.39757652558647,
	"aff_inf_atk": 1.22736309098125,
	"aff_inf_hp": 1.62889584361921,
	"aff_inf_spd": 0.365984489016742,
	"art_center": -0.271619175383865,
	"art_front": 0.679453903474529,
	"art_value": 14.8120151581482,
	"card_atk": 1.19908252289043,
	"card_hp": 0.707007698027832,
	"card_stam": 1.15636322779521,
	"cav_center": -0.558450827085522,
	"cav_front": 0.0147632030470097,
	"cav_value": 3.837496105677,
	"guard": 239.863848208294,
	"haven": 10523.2942863907,
	"hp": 3.33380174993898,
	"inf_center": 0.414365974675204,
	"inf_front": 0.691804006300418,
	"link_advance": 0.390508692197045,
	"material": 57.0489228849055,
	"protect": 144.817721000675,
	"prox_scale": 7.97068917014591,
	"prox_second": 0.504229622230354,
	"r3_initiative": 2.54749444779765,
	"ranged": 83.1786599559092,
	"reach": 575.208544172881
}