{
	"aff_art_atk": 0.54964432904653,
	"aff_art_hp": 0.209155577624699,
	"aff_art_spd": 29.0505125357323,
	"aff_cav_atk": 0.472105899681795,
	"aff_cav_hp": 1.5698040359453,
	"aff_cav_spd": 69.170059407795,
	"aff_inf_atk": 3.11071873205131,
	"aff_inf_hp": 1.36540130248876,
	"aff_inf_spd": 0.0932959761583648,
	"art_center": -5.91397697955957,
	"art_front": 1.23700691612535,
	"art_value": 60.1904413190133,
	"card_atk": 2.53839332767769,
	"card_hp": 0.873284300285467,
	"card_stam": 2.20117937915037,
	"cav_center": -0.131808148082167,
	"cav_front": 0.0181623314711328,
	"cav_value": 20.6601858762904,
	"guard": 14.0181672240245,
	"haven": 23879.4274136658,
	"hp": 5.17835964531169,
	"inf_center": 0.421803456740841,
	"inf_front": 20.3945035763154,
	"link_advance": 0.0623884678432278,
	"material": 66.1409883563966,
	"protect": 1506.82736885347,
	"prox_scale": 0.125851370930995,
	"prox_second": 0.414706689227305,
	"r3_initiative": 4.85763822691001,
	"ranged": 31.9200385413992,
	"reach": 138.976285710164
}