{
	"aff_art_atk": 12.9788076418364,
	"aff_art_hp": 0.640115295125702,
	"aff_art_spd": 1.01633478013872,
	"aff_cav_atk": 0.529875492457255,
	"aff_cav_hp": 8.11921693997692,
	"aff_cav_spd": 0.28619566866692,
	"aff_inf_atk": 0.0308160274572418,
	"aff_inf_hp": 0.226987747756744,
	"aff_inf_spd": 1.44052342053152,
	"art_center": -0.789190470914782,
	"art_front": 1.9064593919221,
	"art_value": 9.78820072823841,
	"card_atk": 0.0626067800443357,
	"card_hp": 0.638671354423119,
	"card_stam": 1.27408925470119,
	"cav_center": -5.48369770004996,
	"cav_front": 0.0256755247090882,
	"cav_value": 1215.98316311707,
	"guard": 325.039537700492,
	"haven": 88063.7391313797,
	"hp": 1.75007196513206,
	"inf_center": 0.0115546850011699,
	"inf_front": 0.297313469036945,
	"link_advance": 0.0144450623060574,
	"material": 3.48020353146236,
	"protect": 1586.29344901569,
	"prox_scale": 779.540845834916,
	"prox_second": 0.595118836345438,
	"r3_initiative": 0.0263827770419384,
	"ranged": 993.611706948087,
	"reach": 1622.25858191165
}