{
	"aff_art_atk": 5.60847982163589,
	"aff_art_hp": 118.358278022481,
	"aff_art_spd": 286.077293047903,
	"aff_cav_atk": 1.44557389335245,
	"aff_cav_hp": 0.625872681446418,
	"aff_cav_spd": 2.23247899607096,
	"aff_inf_atk": 0.0712868436308489,
	"aff_inf_hp": 0.0136474740472679,
	"aff_inf_spd": 0.0806070981677334,
	"art_center": -6608.43366565572,
	"art_front": 74.2374394764345,
	"art_value": 59.5730109605693,
	"card_atk": 0.0434065200257723,
	"card_hp": 0.0277288947791531,
	"card_stam": 0.0423425513812733,
	"cav_center": -0.0204260324422481,
	"cav_front": 0.703768954311242,
	"cav_value": 0.223169736860321,
	"guard": 6.15919701266685,
	"haven": 0.0612662638207686,
	"hp": 682.048624420467,
	"inf_center": 0.478166781327678,
	"inf_front": 1087.64630198324,
	"link_advance": 0.0971311931351176,
	"material": 27.7798876106077,
	"protect": 86.7440261989956,
	"prox_scale": 0.0306635084273699,
	"prox_second": 0.0934177654095767,
	"r3_initiative": 0.119915695645113,
	"ranged": 0.375510468904118,
	"reach": 4.8901645391351
}