{
	"aff_art_atk": 0.490916226857402,
	"aff_art_hp": 0.234516843200634,
	"aff_art_spd": 40.7918009580082,
	"aff_cav_atk": 0.252756855303476,
	"aff_cav_hp": 1.97988756716343,
	"aff_cav_spd": 71.7912935886506,
	"aff_inf_atk": 2.12007089603823,
	"aff_inf_hp": 1.45395257438998,
	"aff_inf_spd": 0.0897192189899211,
	"art_center": -6.35153677534193,
	"art_front": 1.34628810214702,
	"art_value": 57.5387171812127,
	"card_atk": 2.95008988458245,
	"card_hp": 0.703548716855874,
	"card_stam": 1.74314774795626,
	"cav_center": -0.150245458295502,
	"cav_front": 0.0229411298831738,
	"cav_value": 8.6929431701928,
	"guard": 14.614816150783,
	"haven": 21197.925264138,
	"hp": 5.18313120910318,
	"inf_center": 0.549005148904184,
	"inf_front": 15.4947517174339,
	"link_advance": 0.0522885231941586,
	"material": 51.92473708281,
	"protect": 1517.01733379207,
	"prox_scale": 0.101738855338983,
	"prox_second": 0.395687106191622,
	"r3_initiative": 4.60681717096915,
	"ranged": 24.1348238560042,
	"reach": 146.160864781539
}