{
	"aff_art_atk": 0.0102904892854832,
	"aff_art_hp": 0.217855221737068,
	"aff_art_spd": 81.350944203208,
	"aff_cav_atk": 0.718010721582772,
	"aff_cav_hp": 0.469519218191157,
	"aff_cav_spd": 1802.36239079748,
	"aff_inf_atk": 37.6114063429014,
	"aff_inf_hp": 0.0123786528535834,
	"aff_inf_spd": 0.0122436103776672,
	"art_center": -6.05466545244622,
	"art_front": 0.0190849524825691,
	"art_value": 268193.587573412,
	"card_atk": 0.018992658814606,
	"card_hp": 3.74203602349171,
	"card_stam": 18719.5093211762,
	"cav_center": -0.0413641638781938,
	"cav_front": 0.0126078305298702,
	"cav_value": 0.525766364310729,
	"guard": 0.0184685598894007,
	"haven": 5701.55965630206,
	"hp": 68.418289775937,
	"inf_center": 113.55293615401,
	"inf_front": 0.0164110232659611,
	"link_advance": 0.0100786368185555,
	"material": 3.22713478530867,
	"protect": 144.783604498174,
	"prox_scale": 0.0132708389825819,
	"prox_second": 3.95247905201077,
	"r3_initiative": 0.0106446731766038,
	"ranged": 1.34614676726403,
	"reach": 8.37058472302829
}