{
	"aff_art_atk": 13.0968407232863,
	"aff_art_hp": 186.965383474373,
	"aff_art_spd": 148.39999761458,
	"aff_cav_atk": 0.565667332957505,
	"aff_cav_hp": 0.879209365622595,
	"aff_cav_spd": 3.19519118616358,
	"aff_inf_atk": 0.455987268641969,
	"aff_inf_hp": 0.0574102875718874,
	"aff_inf_spd": 0.0898617446642509,
	"art_center": -3970.0425669823,
	"art_front": 11.9015219723527,
	"art_value": 16.0091127083015,
	"card_atk": 0.0840561946245145,
	"card_hp": 0.107704628401056,
	"card_stam": 0.0671899207292356,
	"cav_center": -0.0206414413489518,
	"cav_front": 0.8782137892228,
	"cav_value": 0.588447217655181,
	"guard": 8.04935240654135,
	"haven": 0.297865451069769,
	"hp": 1439.32779841673,
	"inf_center": 0.256645721095894,
	"inf_front": 87.2953905002033,
	"link_advance": 0.0683916597982426,
	"material": 14.4951538386708,
	"protect": 115.490140267828,
	"prox_scale": 0.0159514009397023,
	"prox_second": 0.115747677825918,
	"r3_initiative": 0.033000333872688,
	"ranged": 0.347622545159447,
	"reach": 2.27230129909597
}