{
	"aff_art_atk": 1.00466427319131,
	"aff_art_hp": 0.0719689958536922,
	"aff_art_spd": 7.4927031484095,
	"aff_cav_atk": 2.38169823973517,
	"aff_cav_hp": 0.0182292147430169,
	"aff_cav_spd": 2.42695526935828,
	"aff_inf_atk": 0.758188799354632,
	"aff_inf_hp": 0.173623232730882,
	"aff_inf_spd": 0.473471195398552,
	"art_center": -0.209916915990109,
	"art_front": 0.207233198796033,
	"art_value": 2.08872982096951,
	"card_atk": 1.77674811870208,
	"card_hp": 0.122480087487246,
	"card_stam": 2.91949044175581,
	"cav_center": -0.061103413805628,
	"cav_front": 0.0143395456763763,
	"cav_value": 0.0957411506191641,
	"guard": 18.6722097200504,
	"haven": 3701.85553027664,
	"hp": 16.7765032994982,
	"inf_center": 3.33227359727703,
	"inf_front": 1.68771347633666,
	"link_advance": 0.407908815027139,
	"material": 214.296748738012,
	"protect": 209.983873239493,
	"prox_scale": 0.483942283861127,
	"prox_second": 0.257889383597843,
	"r3_initiative": 3.10744669101452,
	"ranged": 52.1540488260125,
	"reach": 68.0869609637692
}