{
	"aff_art_atk": 0.0108033559635439,
	"aff_art_hp": 0.300688988619027,
	"aff_art_spd": 41.5101796731688,
	"aff_cav_atk": 1.83048901009838,
	"aff_cav_hp": 0.663665296933855,
	"aff_cav_spd": 1799.26041641373,
	"aff_inf_atk": 41.6986855650281,
	"aff_inf_hp": 0.0104840119218573,
	"aff_inf_spd": 0.0115338644141907,
	"art_center": -9.78976442231742,
	"art_front": 0.0104691458014885,
	"art_value": 122426.811634954,
	"card_atk": 0.0114204231240946,
	"card_hp": 4.04246392411841,
	"card_stam": 22947.951370381,
	"cav_center": -0.0616997408452496,
	"cav_front": 0.0363501899101373,
	"cav_value": 0.630901304660491,
	"guard": 0.0181197992851189,
	"haven": 14668.1769292344,
	"hp": 47.9909694851429,
	"inf_center": 95.4952577464502,
	"inf_front": 0.013938759643573,
	"link_advance": 0.0128730198070035,
	"material": 1.11138385698626,
	"protect": 69.813376817572,
	"prox_scale": 0.0103990438613412,
	"prox_second": 2.80994579196652,
	"r3_initiative": 0.0270388970657053,
	"ranged": 0.411842851837893,
	"reach": 18.4141163685194
}