{
	"aff_art_atk": 5.82260219573554,
	"aff_art_hp": 0.108387243448323,
	"aff_art_spd": 0.593654509961648,
	"aff_cav_atk": 0.966807341920024,
	"aff_cav_hp": 0.408596094042195,
	"aff_cav_spd": 1.82467993157285,
	"aff_inf_atk": 0.671099399182726,
	"aff_inf_hp": 0.908252467215874,
	"aff_inf_spd": 0.54204916630968,
	"art_center": -0.384268951869786,
	"art_front": 0.429504626123846,
	"art_value": 82.9924670108826,
	"card_atk": 2.09137654918431,
	"card_hp": 0.581597256056131,
	"card_stam": 1.26753264643513,
	"cav_center": -0.875680715251067,
	"cav_front": 0.0103143515243251,
	"cav_value": 7.17099101350789,
	"guard": 181.490000143513,
	"haven": 7674.79257151298,
	"hp": 3.93989807703091,
	"inf_center": 0.821836434397757,
	"inf_front": 0.32191233581137,
	"link_advance": 0.221991866325801,
	"material": 36.4317486060899,
	"protect": 224.130121778099,
	"prox_scale": 5.23599809755286,
	"prox_second": 1.2925013193115,
	"r3_initiative": 1.91802173974255,
	"ranged": 28.8604207400113,
	"reach": 874.855366517851
}