{
	"aff_art_atk": 5.98345272144007,
	"aff_art_hp": 0.130324886012329,
	"aff_art_spd": 0.637065464132838,
	"aff_cav_atk": 0.939759528758813,
	"aff_cav_hp": 0.419400609857603,
	"aff_cav_spd": 1.58553671623704,
	"aff_inf_atk": 0.633789972642429,
	"aff_inf_hp": 0.98249263183835,
	"aff_inf_spd": 0.526200823009543,
	"art_center": -0.358997731464141,
	"art_front": 0.483492360322892,
	"art_value": 83.4079142281856,
	"card_atk": 2.10731469483432,
	"card_hp": 0.545426996945316,
	"card_stam": 1.36743050263507,
	"cav_center": -0.892403199932573,
	"cav_front": 0.01,
	"cav_value": 7.27016207158954,
	"guard": 192.060505514371,
	"haven": 8087.3427935366,
	"hp": 3.51186933748384,
	"inf_center": 0.900937077888577,
	"inf_front": 0.330402354096693,
	"link_advance": 0.226675013839368,
	"material": 42.028121630832,
	"protect": 239.233623694933,
	"prox_scale": 5.12921433385237,
	"prox_second": 1.36820412113217,
	"r3_initiative": 1.90756112229337,
	"ranged": 29.9014320854373,
	"reach": 845.631053263268
}