{
	"aff_art_atk": 15.5427246821522,
	"aff_art_hp": 0.113521378587617,
	"aff_art_spd": 0.392907861367362,
	"aff_cav_atk": 0.0240442080225759,
	"aff_cav_hp": 2.15030165404374,
	"aff_cav_spd": 0.839483537253853,
	"aff_inf_atk": 0.0532988568413688,
	"aff_inf_hp": 0.134047586742972,
	"aff_inf_spd": 0.395250124930209,
	"art_center": -6.70110807904632,
	"art_front": 0.748282803917353,
	"art_value": 9.84388907287089,
	"card_atk": 0.15615472785054,
	"card_hp": 1.57873504629734,
	"card_stam": 1.45574249204121,
	"cav_center": -4.66721796092897,
	"cav_front": 0.0531758688466915,
	"cav_value": 10517.746903251,
	"guard": 2217.26637796927,
	"haven": 215787.721283548,
	"hp": 2.90666825203697,
	"inf_center": 0.0143565699190201,
	"inf_front": 1.8905061804285,
	"link_advance": 0.0342837440269647,
	"material": 7.16780641536958,
	"protect": 2663.71411427368,
	"prox_scale": 1986.29292064553,
	"prox_second": 0.0913275623913052,
	"r3_initiative": 0.0929255781463694,
	"ranged": 3048.2707859857,
	"reach": 139.932840796481
}