{
	"aff_art_atk": 3.23731895732786,
	"aff_art_hp": 817.976847303534,
	"aff_art_spd": 4.85496984097252,
	"aff_cav_atk": 0.0215677859917297,
	"aff_cav_hp": 3.68637560884825,
	"aff_cav_spd": 12.9864185881138,
	"aff_inf_atk": 0.45891966961865,
	"aff_inf_hp": 0.114187933722703,
	"aff_inf_spd": 0.0303869168756278,
	"art_center": -50.7443283055836,
	"art_front": 37.1285219167135,
	"art_value": 393.897835305408,
	"card_atk": 0.138464758247052,
	"card_hp": 0.154341906986168,
	"card_stam": 0.364851911609788,
	"cav_center": -0.0290950660080881,
	"cav_front": 0.0202409939156457,
	"cav_value": 611.99442274042,
	"guard": 1.54251599965735,
	"haven": 713.036087874977,
	"hp": 993.226434462439,
	"inf_center": 0.657309306370654,
	"inf_front": 0.914704187295275,
	"link_advance": 5.42996473356519,
	"material": 2127.15033019064,
	"protect": 17196.5251155354,
	"prox_scale": 0.52783052910738,
	"prox_second": 0.0588927767317108,
	"r3_initiative": 0.0297683406233371,
	"ranged": 63.6861244145163,
	"reach": 26.5151484340753
}