{
	"aff_art_atk": 1.60411942681454,
	"aff_art_hp": 0.0449656669779406,
	"aff_art_spd": 8.32580267349649,
	"aff_cav_atk": 0.851146078707318,
	"aff_cav_hp": 0.0283696536860488,
	"aff_cav_spd": 1.92484826316796,
	"aff_inf_atk": 1.40083401371017,
	"aff_inf_hp": 0.155343799943612,
	"aff_inf_spd": 0.425018986510121,
	"art_center": -0.212327694990825,
	"art_front": 0.182988893801154,
	"art_value": 3.39889738519702,
	"card_atk": 1.95109133810488,
	"card_hp": 0.0999607691494986,
	"card_stam": 1.98262826557431,
	"cav_center": -0.0682415920849913,
	"cav_front": 0.0101444417533538,
	"cav_value": 0.164485751605613,
	"guard": 26.8773001303875,
	"haven": 4812.58162640802,
	"hp": 9.37333154154726,
	"inf_center": 3.45541442212257,
	"inf_front": 0.897351000221977,
	"link_advance": 0.342118156985383,
	"material": 195.267951258172,
	"protect": 114.223532022054,
	"prox_scale": 0.61131782485977,
	"prox_second": 0.280304610090964,
	"r3_initiative": 8.42709827371799,
	"ranged": 111.267445716156,
	"reach": 41.0537782176235
}