{
	"aff_art_atk": 4.08824586646779,
	"aff_art_hp": 0.0213588124475532,
	"aff_art_spd": 0.0345129654183704,
	"aff_cav_atk": 0.0119435120614708,
	"aff_cav_hp": 0.333240060729847,
	"aff_cav_spd": 0.0371080768634755,
	"aff_inf_atk": 0.0375403581062866,
	"aff_inf_hp": 0.271136536140465,
	"aff_inf_spd": 0.238164269268204,
	"art_center": -0.220074654651796,
	"art_front": 0.487156139473934,
	"art_value": 127.421799244373,
	"card_atk": 0.0419715562730072,
	"card_hp": 0.105918239852352,
	"card_stam": 0.648467041199984,
	"cav_center": -0.10031623514821,
	"cav_front": 0.0123303189272655,
	"cav_value": 446413.222707663,
	"guard": 25.4739081179274,
	"haven": 606675.048849168,
	"hp": 0.0675972137314622,
	"inf_center": 0.0671529023735849,
	"inf_front": 0.933797575911308,
	"link_advance": 0.133711751435018,
	"material": 0.303540859031202,
	"protect": 1491.56710879216,
	"prox_scale": 355.362820265334,
	"prox_second": 0.0138289977791226,
	"r3_initiative": 3.39585926505694,
	"ranged": 8212.63509885349,
	"reach": 222.726832656077
}