{
	"aff_art_atk": 0.0226054313227236,
	"aff_art_hp": 0.0165427849766255,
	"aff_art_spd": 14.6674444612209,
	"aff_cav_atk": 83.3972685439607,
	"aff_cav_hp": 2.66377174501753,
	"aff_cav_spd": 3.69192413709189,
	"aff_inf_atk": 26.2490969344875,
	"aff_inf_hp": 0.0432271066523324,
	"aff_inf_spd": 0.0159824945240937,
	"art_center": -3.09851514218134,
	"art_front": 0.816247269832983,
	"art_value": 107767.385963989,
	"card_atk": 0.028819765712334,
	"card_hp": 3.92400688624512,
	"card_stam": 649.808360634324,
	"cav_center": -0.267631848743166,
	"cav_front": 0.423329785584666,
	"cav_value": 0.0649701697242783,
	"guard": 0.0130327051061987,
	"haven": 189.990267351226,
	"hp": 25.4828908975802,
	"inf_center": 876.694512367372,
	"inf_front": 0.232216239640471,
	"link_advance": 0.0143811190196519,
	"material": 0.726081577175697,
	"protect": 17.6746672094738,
	"prox_scale": 0.0134984687508802,
	"prox_second": 18.55564651396,
	"r3_initiative": 0.0295780203488442,
	"ranged": 31.0877359404063,
	"reach": 0.432509236670502
}