{
	"aff_art_atk": 6.08658986300203,
	"aff_art_hp": 0.107054988106156,
	"aff_art_spd": 0.617108626951335,
	"aff_cav_atk": 1.01757236342803,
	"aff_cav_hp": 0.371162981824947,
	"aff_cav_spd": 1.84281102518916,
	"aff_inf_atk": 0.627465845649445,
	"aff_inf_hp": 0.932695042883437,
	"aff_inf_spd": 0.553421599191712,
	"art_center": -0.386801489114333,
	"art_front": 0.437804617343258,
	"art_value": 86.8478398286459,
	"card_atk": 2.2240344212518,
	"card_hp": 0.610021520166689,
	"card_stam": 1.35019107669918,
	"cav_center": -0.85122563759318,
	"cav_front": 0.0105355697648706,
	"cav_value": 7.49250077491842,
	"guard": 186.218547077744,
	"haven": 7606.42615625646,
	"hp": 3.73581214119935,
	"inf_center": 0.811318899886379,
	"inf_front": 0.327960467188364,
	"link_advance": 0.217986774613244,
	"material": 39.5990140787628,
	"protect": 233.83426468014,
	"prox_scale": 5.238700932303,
	"prox_second": 1.13692611538082,
	"r3_initiative": 1.88469125816189,
	"ranged": 30.3183509924928,
	"reach": 900.502487427149
}