{
	"aff_art_atk": 1.12268165026626,
	"aff_art_hp": 0.0574426299457423,
	"aff_art_spd": 2.59044417153202,
	"aff_cav_atk": 0.940836324300456,
	"aff_cav_hp": 0.0264399842969183,
	"aff_cav_spd": 1.91485744083912,
	"aff_inf_atk": 1.37363086948491,
	"aff_inf_hp": 0.302534784817435,
	"aff_inf_spd": 0.249697401996823,
	"art_center": -0.319977273046584,
	"art_front": 0.176099477250188,
	"art_value": 4.26287433135381,
	"card_atk": 2.19645340789691,
	"card_hp": 0.236360055230999,
	"card_stam": 0.795441982523602,
	"cav_center": -0.0852264151757936,
	"cav_front": 0.0154412862012603,
	"cav_value": 0.494383881229759,
	"guard": 18.2410617105068,
	"haven": 2948.54350926122,
	"hp": 5.5465061336191,
	"inf_center": 4.12082294962299,
	"inf_front": 1.26851144872345,
	"link_advance": 0.349806621109875,
	"material": 189.625676375097,
	"protect": 105.065096464629,
	"prox_scale": 1.13098549271228,
	"prox_second": 0.462060164313964,
	"r3_initiative": 4.40230666838373,
	"ranged": 53.9148168295685,
	"reach": 39.5425547407981
}