{
	"aff_art_atk": 0.0124860966759572,
	"aff_art_hp": 0.374289468757843,
	"aff_art_spd": 48.1339912593619,
	"aff_cav_atk": 1.80920691189589,
	"aff_cav_hp": 0.727496083269391,
	"aff_cav_spd": 2174.72480446501,
	"aff_inf_atk": 39.1549196390881,
	"aff_inf_hp": 0.0103691070979346,
	"aff_inf_spd": 0.011036204579891,
	"art_center": -10.5263076173045,
	"art_front": 0.0110257222903195,
	"art_value": 167380.629110896,
	"card_atk": 0.0112929095742179,
	"card_hp": 3.79304226936447,
	"card_stam": 25485.6610460297,
	"cav_center": -0.0708279467806739,
	"cav_front": 0.0341452101420072,
	"cav_value": 0.570925007941694,
	"guard": 0.0174705763452426,
	"haven": 11971.7786357541,
	"hp": 31.5074626807033,
	"inf_center": 76.2049486712236,
	"inf_front": 0.0115408950010723,
	"link_advance": 0.0106938487831022,
	"material": 0.773778437069447,
	"protect": 74.9170796094541,
	"prox_scale": 0.0108050578666328,
	"prox_second": 3.1172928963773,
	"r3_initiative": 0.0247970374957486,
	"ranged": 0.707260963286095,
	"reach": 15.8425345133803
}