{
	"aff_art_atk": 1.42877182363694,
	"aff_art_hp": 1648.36485788309,
	"aff_art_spd": 1578.13658662726,
	"aff_cav_atk": 0.0243195381807229,
	"aff_cav_hp": 0.0334244220263105,
	"aff_cav_spd": 4.33858146447796,
	"aff_inf_atk": 0.0106686977709602,
	"aff_inf_hp": 1.13348031106926,
	"aff_inf_spd": 0.312426887614608,
	"art_center": -1394.77839916985,
	"art_front": 15.9565212899866,
	"art_value": 3.89777503203605,
	"card_atk": 0.0134112974762818,
	"card_hp": 0.0273392413549448,
	"card_stam": 0.042363956565517,
	"cav_center": -0.164087994604155,
	"cav_front": 0.0936562462566928,
	"cav_value": 0.418364095897624,
	"guard": 157.721199133959,
	"haven": 0.0835411380552074,
	"hp": 4473.09246391598,
	"inf_center": 0.795870131088568,
	"inf_front": 190.570361472481,
	"link_advance": 0.104119056514795,
	"material": 96.2800869896094,
	"protect": 43.8621742237114,
	"prox_scale": 0.014733485901948,
	"prox_second": 0.139096754776582,
	"r3_initiative": 0.385019603973536,
	"ranged": 13.0343799268,
	"reach": 0.16377908114798
}