{
	"aff_art_atk": 0.0159903963178625,
	"aff_art_hp": 0.105871834980715,
	"aff_art_spd": 49.6876875784156,
	"aff_cav_atk": 1.61845333652897,
	"aff_cav_hp": 0.478144797830288,
	"aff_cav_spd": 1893.4510225416,
	"aff_inf_atk": 58.4114233334072,
	"aff_inf_hp": 0.00982584697499718,
	"aff_inf_spd": 0.0131353881193017,
	"art_center": -7.42292365726774,
	"art_front": 0.0190168445993638,
	"art_value": 264159.914030458,
	"card_atk": 0.0150698804649018,
	"card_hp": 1.56532930343758,
	"card_stam": 18146.5385937019,
	"cav_center": -0.0250242925463056,
	"cav_front": 0.0102361068134403,
	"cav_value": 0.329040492404706,
	"guard": 0.0239272525806926,
	"haven": 8121.26379729023,
	"hp": 94.5154761888346,
	"inf_center": 80.6880350971291,
	"inf_front": 0.0143022643539632,
	"link_advance": 0.0184566232605705,
	"material": 5.26000275611632,
	"protect": 167.106165042266,
	"prox_scale": 0.0105307108459153,
	"prox_second": 2.15437423882042,
	"r3_initiative": 0.0207636639638789,
	"ranged": 0.882235428533363,
	"reach": 15.9004936459333
}