{
	"aff_art_atk": 0.660029056196746,
	"aff_art_hp": 1.17275955525169,
	"aff_art_spd": 35.5310218301232,
	"aff_cav_atk": 0.0426082885294226,
	"aff_cav_hp": 4.38543790160913,
	"aff_cav_spd": 17.3455479927084,
	"aff_inf_atk": 1.56199323626742,
	"aff_inf_hp": 1.54471632260624,
	"aff_inf_spd": 0.156064339169355,
	"art_center": -0.592188236760491,
	"art_front": 0.475728940495441,
	"art_value": 404.531916650973,
	"card_atk": 10.4540540388057,
	"card_hp": 0.741560137822835,
	"card_stam": 2.35598905723754,
	"cav_center": -0.226385593958118,
	"cav_front": 0.0271391744600809,
	"cav_value": 8.71488726826393,
	"guard": 10.8071387083865,
	"haven": 39524.4411177485,
	"hp": 3.00808692484964,
	"inf_center": 0.28470356013016,
	"inf_front": 6.42869788469649,
	"link_advance": 0.0193102807011764,
	"material": 14.1200915499902,
	"protect": 1697.24141556195,
	"prox_scale": 0.191011110778181,
	"prox_second": 0.220269843240138,
	"r3_initiative": 4.84726122051832,
	"ranged": 11.9492673652644,
	"reach": 166.539139112006
}