{
	"aff_art_atk": 0.849016447366766,
	"aff_art_hp": 0.105045460117642,
	"aff_art_spd": 10.142110333352,
	"aff_cav_atk": 2.60150918386015,
	"aff_cav_hp": 0.0149818193785834,
	"aff_cav_spd": 3.3264997834379,
	"aff_inf_atk": 0.47604025875202,
	"aff_inf_hp": 0.177833376662711,
	"aff_inf_spd": 0.727037899969605,
	"art_center": -0.170925300140681,
	"art_front": 0.165125764959946,
	"art_value": 2.18676920947546,
	"card_atk": 1.42026557458926,
	"card_hp": 0.236344985467205,
	"card_stam": 2.79669315784457,
	"cav_center": -0.032903468687459,
	"cav_front": 0.0135570526807523,
	"cav_value": 0.118729502595443,
	"guard": 12.3649249140157,
	"haven": 2297.66609774482,
	"hp": 19.1979150935228,
	"inf_center": 3.78776524955256,
	"inf_front": 2.51287228811459,
	"link_advance": 0.294413240097064,
	"material": 256.417821096049,
	"protect": 215.915765748676,
	"prox_scale": 0.578046950645418,
	"prox_second": 0.264611036321017,
	"r3_initiative": 3.02799359549645,
	"ranged": 38.183505138211,
	"reach": 85.6937403889713
}