{
	"aff_art_atk": 5.60089384304497,
	"aff_art_hp": 0.0905151210227859,
	"aff_art_spd": 0.596118957167934,
	"aff_cav_atk": 1.13173210909908,
	"aff_cav_hp": 0.36530284403183,
	"aff_cav_spd": 1.78353270696767,
	"aff_inf_atk": 0.675261375142993,
	"aff_inf_hp": 0.907830314857679,
	"aff_inf_spd": 0.572755511129758,
	"art_center": -0.385778029811334,
	"art_front": 0.431892165084555,
	"art_value": 96.8018737962852,
	"card_atk": 2.10400614934206,
	"card_hp": 0.692062653972056,
	"card_stam": 1.34722809774949,
	"cav_center": -0.913769403980388,
	"cav_front": 0.0108583827472999,
	"cav_value": 7.35589465470595,
	"guard": 173.866024154709,
	"haven": 7018.07882547148,
	"hp": 3.71623249891443,
	"inf_center": 0.836940009478218,
	"inf_front": 0.296579212625266,
	"link_advance": 0.217160270776693,
	"material": 34.5857516016023,
	"protect": 242.547634532504,
	"prox_scale": 5.46258047531132,
	"prox_second": 1.11127642083437,
	"r3_initiative": 2.03463957567362,
	"ranged": 31.7677458769135,
	"reach": 765.179692171389
}