{
	"aff_art_atk": 0.982829240653361,
	"aff_art_hp": 0.102279294823109,
	"aff_art_spd": 5.58675630963199,
	"aff_cav_atk": 1.66399655549483,
	"aff_cav_hp": 0.0144523965454917,
	"aff_cav_spd": 2.25745720699122,
	"aff_inf_atk": 0.177645718703735,
	"aff_inf_hp": 0.22780240504612,
	"aff_inf_spd": 1.08749984608283,
	"art_center": -0.217085320747636,
	"art_front": 0.0886775455126717,
	"art_value": 2.34671756246124,
	"card_atk": 2.20094516922469,
	"card_hp": 0.415934744829414,
	"card_stam": 9.83941894881262,
	"cav_center": -0.0498787170801327,
	"cav_front": 0.0173873048174935,
	"cav_value": 0.269142898862051,
	"guard": 13.8407082411593,
	"haven": 4162.3777230279,
	"hp": 17.3215434912992,
	"inf_center": 1.56556580051985,
	"inf_front": 1.25261970856071,
	"link_advance": 0.209065055562578,
	"material": 278.522005788526,
	"protect": 157.133318199656,
	"prox_scale": 0.380024916247912,
	"prox_second": 0.121475221802814,
	"r3_initiative": 8.00504377346169,
	"ranged": 38.7186050786758,
	"reach": 86.9965757664368
}