{
	"aff_art_atk": 2.72391588614793,
	"aff_art_hp": 0.244848317826419,
	"aff_art_spd": 0.797310394168605,
	"aff_cav_atk": 1.37910198913694,
	"aff_cav_hp": 0.467697689723935,
	"aff_cav_spd": 1.65935248730718,
	"aff_inf_atk": 1.09705144951957,
	"aff_inf_hp": 1.67499082363368,
	"aff_inf_spd": 0.352645852707773,
	"art_center": -0.226294534321858,
	"art_front": 0.723463610302002,
	"art_value": 15.3733623163195,
	"card_atk": 1.34221178371935,
	"card_hp": 0.625972806936817,
	"card_stam": 1.09063072793299,
	"cav_center": -0.602510982481154,
	"cav_front": 0.017138833980829,
	"cav_value": 3.76024573562016,
	"guard": 228.268841788181,
	"haven": 11648.9513477507,
	"hp": 3.26564945850965,
	"inf_center": 0.527101798550045,
	"inf_front": 0.609304986761785,
	"link_advance": 0.397166642242702,
	"material": 77.1980602258708,
	"protect": 149.590084062561,
	"prox_scale": 7.22996679186204,
	"prox_second": 0.658206416831454,
	"r3_initiative": 2.63087095118802,
	"ranged": 90.3881754194126,
	"reach": 573.088825770134
}