{
	"aff_art_atk": 1.28219651428304,
	"aff_art_hp": 0.0498457239675456,
	"aff_art_spd": 7.0465649573386,
	"aff_cav_atk": 1.02376191248869,
	"aff_cav_hp": 0.0270051936413566,
	"aff_cav_spd": 2.40475204171297,
	"aff_inf_atk": 1.30545854172906,
	"aff_inf_hp": 0.179871236221167,
	"aff_inf_spd": 0.498503223183609,
	"art_center": -0.243049407139536,
	"art_front": 0.244555526473726,
	"art_value": 2.89045007234691,
	"card_atk": 1.78557614361891,
	"card_hp": 0.111759469752989,
	"card_stam": 2.14277974744794,
	"cav_center": -0.0682428475316266,
	"cav_front": 0.010400071384487,
	"cav_value": 0.120063047356389,
	"guard": 25.3811231440578,
	"haven": 4630.88929764577,
	"hp": 9.51565585867675,
	"inf_center": 2.68344721012,
	"inf_front": 1.4580491190501,
	"link_advance": 0.329432364032385,
	"material": 191.705060456566,
	"protect": 132.866588067759,
	"prox_scale": 0.57885123890489,
	"prox_second": 0.309320746058868,
	"r3_initiative": 4.88802887838057,
	"ranged": 73.7097717350304,
	"reach": 54.6526099727836
}