{
	"aff_art_atk": 0.62158083919706,
	"aff_art_hp": 214.176782239281,
	"aff_art_spd": 0.113550666572746,
	"aff_cav_atk": 0.0810535609468456,
	"aff_cav_hp": 2.25909487922806,
	"aff_cav_spd": 1.11927693922968,
	"aff_inf_atk": 0.0804632054965017,
	"aff_inf_hp": 0.207413048629953,
	"aff_inf_spd": 0.7613117232315,
	"art_center": -35.3585192799879,
	"art_front": 3.98373702406284,
	"art_value": 259.294985594174,
	"card_atk": 3.34751284875955,
	"card_hp": 0.309679261756769,
	"card_stam": 0.903445801946406,
	"cav_center": -0.013393540824041,
	"cav_front": 0.740040047143962,
	"cav_value": 27.7932631948206,
	"guard": 17.4332642240528,
	"haven": 5009.35129619819,
	"hp": 24.3922383192217,
	"inf_center": 0.0286900017464652,
	"inf_front": 1.04740875546998,
	"link_advance": 0.264849946362856,
	"material": 2948.33231816077,
	"protect": 1632.10930839434,
	"prox_scale": 1.22009508657228,
	"prox_second": 0.0657810574089527,
	"r3_initiative": 0.086021722503868,
	"ranged": 28.8983116359299,
	"reach": 226.316088127248
}