{
	"aff_art_atk": 0.0127036885270262,
	"aff_art_hp": 0.139425289778435,
	"aff_art_spd": 102.677424098651,
	"aff_cav_atk": 0.40342716138885,
	"aff_cav_hp": 0.504690638519436,
	"aff_cav_spd": 1127.61977068607,
	"aff_inf_atk": 80.4467744980246,
	"aff_inf_hp": 0.0110351423967647,
	"aff_inf_spd": 0.0166015297729913,
	"art_center": -3.55056884098049,
	"art_front": 0.010405011115538,
	"art_value": 481392.895033586,
	"card_atk": 0.0146938656540776,
	"card_hp": 3.56865751450326,
	"card_stam": 11662.2750637564,
	"cav_center": -0.0368863588781677,
	"cav_front": 0.0163805677359385,
	"cav_value": 0.607265798227696,
	"guard": 0.025755941919751,
	"haven": 10687.3713578835,
	"hp": 66.2921299947336,
	"inf_center": 115.378667592291,
	"inf_front": 0.023873369354576,
	"link_advance": 0.0114106571964794,
	"material": 3.1691595866262,
	"protect": 142.473628251908,
	"prox_scale": 0.013568242785995,
	"prox_second": 3.8467076911505,
	"r3_initiative": 0.0111177832989798,
	"ranged": 0.8311656840102,
	"reach": 9.26106612214622
}