{
	"aff_art_atk": 9.28719793601094,
	"aff_art_hp": 253.438920792204,
	"aff_art_spd": 439.913407326165,
	"aff_cav_atk": 1.07240317417789,
	"aff_cav_hp": 0.38199014747149,
	"aff_cav_spd": 7.63769570508235,
	"aff_inf_atk": 0.0353319840139626,
	"aff_inf_hp": 0.0161796907807002,
	"aff_inf_spd": 0.0892192195555209,
	"art_center": -5848.95574554073,
	"art_front": 87.9715908870377,
	"art_value": 13.813192063324,
	"card_atk": 0.049463645105784,
	"card_hp": 0.0299039018629286,
	"card_stam": 0.0281547172412514,
	"cav_center": -0.049004621809414,
	"cav_front": 0.226762375106805,
	"cav_value": 0.316248674746755,
	"guard": 9.56441942996134,
	"haven": 0.0677481819539089,
	"hp": 559.625476029542,
	"inf_center": 0.447040080731075,
	"inf_front": 1703.42818942329,
	"link_advance": 0.119348106042348,
	"material": 23.1408399245104,
	"protect": 26.3298497192355,
	"prox_scale": 0.0285775968380085,
	"prox_second": 0.0891857301350264,
	"r3_initiative": 0.134750590391765,
	"ranged": 0.453850144902049,
	"reach": 5.28017033421788
}