{
	"aff_art_atk": 2.2929784536447,
	"aff_art_hp": 0.023640767801421,
	"aff_art_spd": 0.0288316059027037,
	"aff_cav_atk": 0.0299734881761904,
	"aff_cav_hp": 0.278862635130205,
	"aff_cav_spd": 0.0119916800976812,
	"aff_inf_atk": 0.057033154418971,
	"aff_inf_hp": 0.176853498214912,
	"aff_inf_spd": 0.775290738929416,
	"art_center": -0.601816825295437,
	"art_front": 0.385065122403363,
	"art_value": 59.5471932793632,
	"card_atk": 0.0221920762399747,
	"card_hp": 0.0817613515602265,
	"card_stam": 0.245202903174118,
	"cav_center": -0.221695136041303,
	"cav_front": 0.0284724840268374,
	"cav_value": 430535.041806925,
	"guard": 74.4630558670608,
	"haven": 377641.795487177,
	"hp": 0.0299960235371862,
	"inf_center": 0.0558944320692805,
	"inf_front": 1.23089927940576,
	"link_advance": 0.133928091619534,
	"material": 0.396061254240484,
	"protect": 2637.0947336688,
	"prox_scale": 218.123847361005,
	"prox_second": 0.0157679672066222,
	"r3_initiative": 1.88066148859341,
	"ranged": 10290.4598151023,
	"reach": 257.19683291717
}