{
	"aff_art_atk": 7.21132781429036,
	"aff_art_hp": 272.625225207087,
	"aff_art_spd": 373.103974795766,
	"aff_cav_atk": 1.30561372855435,
	"aff_cav_hp": 0.426267077894713,
	"aff_cav_spd": 4.97220563302152,
	"aff_inf_atk": 0.0366360498413674,
	"aff_inf_hp": 0.0193205131011874,
	"aff_inf_spd": 0.108224144698066,
	"art_center": -6478.40248790923,
	"art_front": 114.481714031866,
	"art_value": 25.897975493572,
	"card_atk": 0.0450676801759911,
	"card_hp": 0.0220129794740239,
	"card_stam": 0.037891688374466,
	"cav_center": -0.0563261286414301,
	"cav_front": 0.259101024214651,
	"cav_value": 0.300136404931363,
	"guard": 9.66517468228433,
	"haven": 0.0564799380390756,
	"hp": 560.841169719247,
	"inf_center": 0.510468915117453,
	"inf_front": 2080.14378322413,
	"link_advance": 0.0816246727505608,
	"material": 17.7967957073894,
	"protect": 33.7258279689999,
	"prox_scale": 0.0189409671372058,
	"prox_second": 0.070266499076788,
	"r3_initiative": 0.169460507785249,
	"ranged": 0.325703482074003,
	"reach": 4.93688435820531
}