{
	"0": {
		"aff_art_atk": 1.58869310386531,
		"aff_art_hp": 0.364082793338063,
		"aff_art_spd": 0.867709283240537,
		"aff_cav_atk": 1.13545420858346,
		"aff_cav_hp": 0.437857446468342,
		"aff_cav_spd": 0.960581685729252,
		"aff_inf_atk": 0.927715305944983,
		"aff_inf_hp": 1.17588183421388,
		"aff_inf_spd": 0.612220322117495,
		"art_center": -0.343299739216221,
		"art_front": 1.02913881968219,
		"art_value": 20.3336752411345,
		"card_atk": 0.855248692343132,
		"card_hp": 0.870330853885375,
		"card_stam": 1.05999094319769,
		"cav_center": -0.661653352825825,
		"cav_front": 0.0108724655487674,
		"cav_value": 5.48646895933368,
		"guard": 329.414330458614,
		"haven": 8063.18361160745,
		"hp": 3.24735000920787,
		"inf_center": 0.478418981109707,
		"inf_front": 0.473460640531132,
		"link_advance": 0.318262837586533,
		"material": 37.7594080464806,
		"protect": 173.408843220207,
		"prox_scale": 7.3819798029917,
		"prox_second": 0.377417513774026,
		"r3_initiative": 2.3930055308827,
		"ranged": 77.1871770677416,
		"reach": 569.942444189998
	},
	"1": {
		"aff_art_atk": 1.2,
		"aff_art_hp": 0.3,
		"aff_art_spd": 0.9,
		"aff_cav_atk": 1.0,
		"aff_cav_hp": 0.5,
		"aff_cav_spd": 1.2,
		"aff_inf_atk": 0.8,
		"aff_inf_hp": 1.0,
		"aff_inf_spd": 0.5,
		"art_center": -0.4,
		"art_front": 1.0,
		"art_value": 24.0,
		"card_atk": 1.0,
		"card_hp": 1.0,
		"card_stam": 1.0,
		"cav_center": -0.7,
		"cav_front": 0.0,
		"cav_value": 10.0,
		"guard": 320.0,
		"haven": 6000.0,
		"hp": 3.0,
		"inf_center": 0.5,
		"inf_front": 0.6,
		"link_advance": 0.4,
		"material": 32.0,
		"protect": 160.0,
		"prox_scale": 8.0,
		"prox_second": 0.6,
		"r3_initiative": 1.6,
		"ranged": 40.0,
		"reach": 500.0
	},
	"2": {
		"aff_art_atk": 1.80227517373076,
		"aff_art_hp": 0.34063459399537,
		"aff_art_spd": 1.04761153458562,
		"aff_cav_atk": 0.582148127705495,
		"aff_cav_hp": 0.515219848858039,
		"aff_cav_spd": 0.771337700325436,
		"aff_inf_atk": 0.852641991875138,
		"aff_inf_hp": 0.451863463773941,
		"aff_inf_spd": 0.453721712465487,
		"art_center": -0.371014132002494,
		"art_front": 0.917947628448497,
		"art_value": 51.55345063541,
		"card_atk": 1.04308505952652,
		"card_hp": 0.949496785668997,
		"card_stam": 0.68680095509014,
		"cav_center": -0.665606051415952,
		"cav_front": 0.0141515608390606,
		"cav_value": 8.2644034159343,
		"guard": 210.82530689058,
		"haven": 7408.29948986314,
		"hp": 4.2906618215452,
		"inf_center": 0.468244759183224,
		"inf_front": 0.631343461537855,
		"link_advance": 0.317403656503585,
		"material": 37.6236625722791,
		"protect": 172.855452688978,
		"prox_scale": 7.87705419563841,
		"prox_second": 0.577898728183857,
		"r3_initiative": 0.617275197247896,
		"ranged": 73.651567233252,
		"reach": 1026.28892151908
	},
	"3": {
		"aff_art_atk": 0.920730640168797,
		"aff_art_hp": 3.46169589639579,
		"aff_art_spd": 5.33971654697014,
		"aff_cav_atk": 0.804196319272516,
		"aff_cav_hp": 0.475776731944631,
		"aff_cav_spd": 1.02360280096124,
		"aff_inf_atk": 0.227031541716596,
		"aff_inf_hp": 0.414538744596858,
		"aff_inf_spd": 0.366739504752658,
		"art_center": -0.555231771514649,
		"art_front": 2.74518039781957,
		"art_value": 14.5731905108864,
		"card_atk": 0.144040457715521,
		"card_hp": 0.930155535697475,
		"card_stam": 2.57885738641652,
		"cav_center": -0.82304804619156,
		"cav_front": 0.0167689132333638,
		"cav_value": 100.618832453115,
		"guard": 420.812296642696,
		"haven": 25496.6069165482,
		"hp": 1.58750811904813,
		"inf_center": 0.14543505290985,
		"inf_front": 2.99442431137297,
		"link_advance": 0.038638362255339,
		"material": 20.3074902727648,
		"protect": 997.839661103245,
		"prox_scale": 11.491063933392,
		"prox_second": 0.80366875206229,
		"r3_initiative": 0.423280085417427,
		"ranged": 169.929223427701,
		"reach": 117.150675568726
	},
	"4": {
		"aff_art_atk": 3.22422773957293,
		"aff_art_hp": 0.28933523906921,
		"aff_art_spd": 0.87527646279715,
		"aff_cav_atk": 0.466912266626958,
		"aff_cav_hp": 0.314602252784144,
		"aff_cav_spd": 0.970134744005839,
		"aff_inf_atk": 0.769901358392146,
		"aff_inf_hp": 2.25665825891738,
		"aff_inf_spd": 0.59942428231868,
		"art_center": -0.555897125622146,
		"art_front": 0.411792131431788,
		"art_value": 37.9619133165175,
		"card_atk": 1.30736034688858,
		"card_hp": 0.480383299742063,
		"card_stam": 1.27999214651431,
		"cav_center": -0.76323946889114,
		"cav_front": 0.0115959041854971,
		"cav_value": 20.9462592714058,
		"guard": 329.656124049363,
		"haven": 7326.79883707675,
		"hp": 2.17983497438488,
		"inf_center": 0.508477853588564,
		"inf_front": 0.420494572396485,
		"link_advance": 0.181297415722949,
		"material": 44.6322301959352,
		"protect": 163.738698659464,
		"prox_scale": 5.71654499711908,
		"prox_second": 0.867210938941832,
		"r3_initiative": 2.65481638116085,
		"ranged": 32.0079130984052,
		"reach": 418.056770341179
	},
	"5": {
		"aff_art_atk": 0.219463393205401,
		"aff_art_hp": 0.438057191733407,
		"aff_art_spd": 4.9103968868735,
		"aff_cav_atk": 1.61936613852967,
		"aff_cav_hp": 0.517079528902185,
		"aff_cav_spd": 1.65391691060406,
		"aff_inf_atk": 2.04721935019502,
		"aff_inf_hp": 0.723414849225924,
		"aff_inf_spd": 0.094181517297764,
		"art_center": -0.338431354845801,
		"art_front": 3.63329951581351,
		"art_value": 11.5176765371038,
		"card_atk": 0.466417580636625,
		"card_hp": 0.459849644888733,
		"card_stam": 0.526947136137164,
		"cav_center": -0.656395495444774,
		"cav_front": 0.0132101569632791,
		"cav_value": 7.12472364814272,
		"guard": 39.132867306049,
		"haven": 11058.1988322235,
		"hp": 2.82906142418535,
		"inf_center": 1.48232559566421,
		"inf_front": 1.3062675423776,
		"link_advance": 0.468802532397102,
		"material": 30.6682107460982,
		"protect": 45.2905061076366,
		"prox_scale": 2.32726729121274,
		"prox_second": 0.465998860171987,
		"r3_initiative": 2.42279034691847,
		"ranged": 38.5277370717842,
		"reach": 299.252034570032
	}
}