{
	"aff_art_atk": 0.0148739062762522,
	"aff_art_hp": 0.140148582750945,
	"aff_art_spd": 68.3495981567242,
	"aff_cav_atk": 1.26751341810985,
	"aff_cav_hp": 0.477179843065965,
	"aff_cav_spd": 1424.0190172499,
	"aff_inf_atk": 36.0722650689411,
	"aff_inf_hp": 0.0147000077422566,
	"aff_inf_spd": 0.0105359790453745,
	"art_center": -16.8207634250567,
	"art_front": 0.0113780021776521,
	"art_value": 342505.738468374,
	"card_atk": 0.0170107824335772,
	"card_hp": 1.27058198647421,
	"card_stam": 22123.5507587496,
	"cav_center": -0.0422479263664513,
	"cav_front": 0.016718322350404,
	"cav_value": 0.349439296573018,
	"guard": 0.0122245282568336,
	"haven": 8014.72059390925,
	"hp": 66.3447519529209,
	"inf_center": 118.814868633797,
	"inf_front": 0.0175708932568272,
	"link_advance": 0.0120935081626987,
	"material": 2.44319546097983,
	"protect": 109.659870228369,
	"prox_scale": 0.0168068323834143,
	"prox_second": 3.32153990263213,
	"r3_initiative": 0.0147448241167053,
	"ranged": 0.838724332630729,
	"reach": 17.6424562803463
}