{
	"aff_art_atk": 0.00995961882832054,
	"aff_art_hp": 0.170560100066678,
	"aff_art_spd": 102.181114762434,
	"aff_cav_atk": 0.441560137054046,
	"aff_cav_hp": 0.409562763765524,
	"aff_cav_spd": 1376.35014490836,
	"aff_inf_atk": 52.6000474943504,
	"aff_inf_hp": 0.0101420145254755,
	"aff_inf_spd": 0.0180474623838349,
	"art_center": -5.32750463391911,
	"art_front": 0.0133879372801513,
	"art_value": 293741.909213101,
	"card_atk": 0.0112690233803284,
	"card_hp": 3.61249724579713,
	"card_stam": 14399.4107021346,
	"cav_center": -0.0403624718184378,
	"cav_front": 0.0189224829129081,
	"cav_value": 0.614101650503797,
	"guard": 0.0215734609674505,
	"haven": 8488.78281818029,
	"hp": 54.1183521347668,
	"inf_center": 100.1173641289,
	"inf_front": 0.0273096961117067,
	"link_advance": 0.0111460492311672,
	"material": 2.78444731424339,
	"protect": 145.178912760716,
	"prox_scale": 0.0183002190143798,
	"prox_second": 3.5907036959246,
	"r3_initiative": 0.0127515567804697,
	"ranged": 1.05881679694901,
	"reach": 10.9440057163389
}