{
	"aff_art_atk": 0.0137341673566545,
	"aff_art_hp": 0.0762443413630943,
	"aff_art_spd": 41.9340627646075,
	"aff_cav_atk": 1.47771392282521,
	"aff_cav_hp": 0.479295183777665,
	"aff_cav_spd": 1583.88714682908,
	"aff_inf_atk": 51.5917296547872,
	"aff_inf_hp": 0.0112082558255793,
	"aff_inf_spd": 0.0108931051082298,
	"art_center": -11.9848996641373,
	"art_front": 0.0192188665531774,
	"art_value": 268377.301325129,
	"card_atk": 0.0188951423897809,
	"card_hp": 1.28906936104501,
	"card_stam": 17671.1821169721,
	"cav_center": -0.0330345731709411,
	"cav_front": 0.0135384213618797,
	"cav_value": 0.368750001433824,
	"guard": 0.0208439849402282,
	"haven": 6501.52149036111,
	"hp": 83.1553213185365,
	"inf_center": 79.1962710215168,
	"inf_front": 0.0151363970509419,
	"link_advance": 0.0181622404560139,
	"material": 4.73119897895858,
	"protect": 149.660764116095,
	"prox_scale": 0.0121565583747976,
	"prox_second": 1.83975563413611,
	"r3_initiative": 0.0269373657203797,
	"ranged": 1.40512971242002,
	"reach": 14.1857834999109
}