{
	"aff_art_atk": 3.11369061597259,
	"aff_art_hp": 0.283438263956456,
	"aff_art_spd": 0.830147644094622,
	"aff_cav_atk": 1.34301881013096,
	"aff_cav_hp": 0.488981013293673,
	"aff_cav_spd": 1.65019881846629,
	"aff_inf_atk": 0.982424904237054,
	"aff_inf_hp": 1.3887083722051,
	"aff_inf_spd": 0.364629858928546,
	"art_center": -0.215149604747442,
	"art_front": 0.774305108374642,
	"art_value": 16.6468208478946,
	"card_atk": 1.39735750709614,
	"card_hp": 0.696443081845729,
	"card_stam": 1.15071149103942,
	"cav_center": -0.630908695674443,
	"cav_front": 0.0148922960468315,
	"cav_value": 3.56614749834934,
	"guard": 230.128559145422,
	"haven": 12072.211481756,
	"hp": 3.41928631367084,
	"inf_center": 0.496843550477092,
	"inf_front": 0.615754899038467,
	"link_advance": 0.376764375713252,
	"material": 71.9013151967501,
	"protect": 162.22799415869,
	"prox_scale": 7.02569304318254,
	"prox_second": 0.578693203360933,
	"r3_initiative": 2.46488513483502,
	"ranged": 85.5404462168407,
	"reach": 513.381509102912
}