{
	"aff_art_atk": 4.94890763994473,
	"aff_art_hp": 1.84435711203039,
	"aff_art_spd": 11241.8600494557,
	"aff_cav_atk": 0.0379900266602879,
	"aff_cav_hp": 0.0369142404425264,
	"aff_cav_spd": 4.01594702953042,
	"aff_inf_atk": 0.0349525088537669,
	"aff_inf_hp": 47.8611772689094,
	"aff_inf_spd": 22.6285119168527,
	"art_center": -423.677518094383,
	"art_front": 182.958463110476,
	"art_value": 19.6054309806656,
	"card_atk": 0.0391920972432903,
	"card_hp": 0.0659019911608754,
	"card_stam": 0.0286118802064069,
	"cav_center": -0.260166022719774,
	"cav_front": 0.0103645246754161,
	"cav_value": 2.35612911932809,
	"guard": 40.7609881338027,
	"haven": 0.0649274968329789,
	"hp": 1642.2758491689,
	"inf_center": 0.928228238002542,
	"inf_front": 8.15178133209611,
	"link_advance": 0.0993432033929228,
	"material": 5.14243337209204,
	"protect": 3.49330335711728,
	"prox_scale": 0.0238196975362877,
	"prox_second": 0.0373785357786011,
	"r3_initiative": 0.712300882167011,
	"ranged": 17.5151100673181,
	"reach": 0.279136779804044
}