{
	"aff_art_atk": 12.6589557433112,
	"aff_art_hp": 154.516015461137,
	"aff_art_spd": 125.877073080971,
	"aff_cav_atk": 1.26830946125971,
	"aff_cav_hp": 0.686101024497589,
	"aff_cav_spd": 2.25973876931208,
	"aff_inf_atk": 0.118338920829507,
	"aff_inf_hp": 0.0200830826780536,
	"aff_inf_spd": 0.0942511384996727,
	"art_center": -2243.22389170616,
	"art_front": 37.7036361514524,
	"art_value": 45.1373865131434,
	"card_atk": 0.0364386469961988,
	"card_hp": 0.0452331186792292,
	"card_stam": 0.0588739446578774,
	"cav_center": -0.0143232796635589,
	"cav_front": 0.936541860470085,
	"cav_value": 0.338150219229503,
	"guard": 2.52537968690278,
	"haven": 0.131863393284426,
	"hp": 929.365447073396,
	"inf_center": 0.412458165405854,
	"inf_front": 968.185514873393,
	"link_advance": 0.0513056926353216,
	"material": 55.7683065644504,
	"protect": 108.347609847712,
	"prox_scale": 0.0306913377826759,
	"prox_second": 0.0952717042030079,
	"r3_initiative": 0.116804640447077,
	"ranged": 0.268888610741996,
	"reach": 4.42978075500854
}