{
	"aff_art_atk": 0.634891051951837,
	"aff_art_hp": 793.612360434482,
	"aff_art_spd": 0.0801270138551276,
	"aff_cav_atk": 0.0456419605461082,
	"aff_cav_hp": 3.90836427250745,
	"aff_cav_spd": 1.78537746690975,
	"aff_inf_atk": 0.258070387313256,
	"aff_inf_hp": 0.201364655266459,
	"aff_inf_spd": 0.387430637268378,
	"art_center": -33.6457306121984,
	"art_front": 7.70147423814058,
	"art_value": 145.472964352384,
	"card_atk": 2.76084305262974,
	"card_hp": 0.421244443279309,
	"card_stam": 0.48777112562188,
	"cav_center": -0.0168039465033694,
	"cav_front": 0.345592021632093,
	"cav_value": 54.9158052633729,
	"guard": 53.0528167450532,
	"haven": 8797.19666281388,
	"hp": 112.353952392069,
	"inf_center": 0.0168334181163288,
	"inf_front": 1.72841303913582,
	"link_advance": 1.51479257209328,
	"material": 4358.01432057147,
	"protect": 875.294679734549,
	"prox_scale": 0.317258185895873,
	"prox_second": 0.0584033976728018,
	"r3_initiative": 0.0474256458372315,
	"ranged": 128.58259900529,
	"reach": 295.079702048212
}