{
	"aff_art_atk": 7.22698122428855,
	"aff_art_hp": 1.75354465694341,
	"aff_art_spd": 0.678401185068528,
	"aff_cav_atk": 1.034001815225,
	"aff_cav_hp": 6.63470726850236,
	"aff_cav_spd": 0.610505111854559,
	"aff_inf_atk": 0.0377123673131893,
	"aff_inf_hp": 0.192878690548624,
	"aff_inf_spd": 0.968810718456229,
	"art_center": -0.792164068362863,
	"art_front": 1.68317837995143,
	"art_value": 17.9131866308158,
	"card_atk": 0.0460933005461563,
	"card_hp": 1.13025716043754,
	"card_stam": 1.62065298883203,
	"cav_center": -2.19521730807736,
	"cav_front": 0.0291052540597516,
	"cav_value": 1508.80467579307,
	"guard": 712.125693448808,
	"haven": 49601.0638110326,
	"hp": 2.62596538361487,
	"inf_center": 0.017307688415263,
	"inf_front": 0.636835460808184,
	"link_advance": 0.0123658856903915,
	"material": 2.29662403140624,
	"protect": 2420.07783712489,
	"prox_scale": 154.867795893834,
	"prox_second": 0.285934114586316,
	"r3_initiative": 0.0274188779998469,
	"ranged": 1461.58468472639,
	"reach": 2298.14792632125
}