{
	"aff_art_atk": 0.217045511909531,
	"aff_art_hp": 0.194736245758629,
	"aff_art_spd": 11.354694082881,
	"aff_cav_atk": 0.516548910786683,
	"aff_cav_hp": 1.29926111595822,
	"aff_cav_spd": 44.1032556589657,
	"aff_inf_atk": 2.02199575517839,
	"aff_inf_hp": 0.730359804245634,
	"aff_inf_spd": 0.0928361008679509,
	"art_center": -5.08906269459016,
	"art_front": 0.73272190112413,
	"art_value": 67.7986244205322,
	"card_atk": 3.08894811120186,
	"card_hp": 0.772798604454505,
	"card_stam": 1.10040958038101,
	"cav_center": -0.1320772483812,
	"cav_front": 0.0355636066704676,
	"cav_value": 12.9019629452269,
	"guard": 8.80519959076321,
	"haven": 16127.7403738907,
	"hp": 4.15797568370563,
	"inf_center": 0.255565291172461,
	"inf_front": 5.35893483498915,
	"link_advance": 0.0470162494479946,
	"material": 89.1565960335615,
	"protect": 1945.02508732297,
	"prox_scale": 0.297054742099047,
	"prox_second": 0.22939470905549,
	"r3_initiative": 5.46990229202111,
	"ranged": 9.52480717164837,
	"reach": 61.7828537441858
}