{
	"aff_art_atk": 0.173100974562444,
	"aff_art_hp": 0.191541526014126,
	"aff_art_spd": 7.2328596295561,
	"aff_cav_atk": 0.553337800943009,
	"aff_cav_hp": 2.89254018896304,
	"aff_cav_spd": 23.2243097456133,
	"aff_inf_atk": 2.12419574837869,
	"aff_inf_hp": 0.49624074392531,
	"aff_inf_spd": 0.119690651057072,
	"art_center": -3.76774193503958,
	"art_front": 0.856751316718126,
	"art_value": 46.217229053117,
	"card_atk": 2.36734967372137,
	"card_hp": 0.369360808402975,
	"card_stam": 1.70122763802677,
	"cav_center": -0.124531959182488,
	"cav_front": 0.0455825344768245,
	"cav_value": 7.60288666342382,
	"guard": 17.882038497756,
	"haven": 10676.36249219,
	"hp": 2.26998147221644,
	"inf_center": 0.420376187418865,
	"inf_front": 4.4240626361873,
	"link_advance": 0.040444113902891,
	"material": 77.0821897518285,
	"protect": 2476.75177834574,
	"prox_scale": 0.348477480260851,
	"prox_second": 0.395814591100348,
	"r3_initiative": 3.83664592769388,
	"ranged": 10.3682174815961,
	"reach": 70.4380636932306
}