{
	"aff_art_atk": 5.82266413774564,
	"aff_art_hp": 0.0864980662408256,
	"aff_art_spd": 0.639189610424148,
	"aff_cav_atk": 1.06897760237859,
	"aff_cav_hp": 0.405382489896753,
	"aff_cav_spd": 1.72306593934568,
	"aff_inf_atk": 0.699738214909867,
	"aff_inf_hp": 0.847739358901235,
	"aff_inf_spd": 0.56490378731706,
	"art_center": -0.452605949326108,
	"art_front": 0.423251315063653,
	"art_value": 100.777794282561,
	"card_atk": 2.10855827745284,
	"card_hp": 0.665751448171164,
	"card_stam": 1.41850442437814,
	"cav_center": -0.91716573428467,
	"cav_front": 0.0107449237687849,
	"cav_value": 7.64090405722094,
	"guard": 154.629773293081,
	"haven": 7121.8664869057,
	"hp": 3.45441164368938,
	"inf_center": 0.814009672888275,
	"inf_front": 0.334515080551887,
	"link_advance": 0.203165817047993,
	"material": 34.2407186525108,
	"protect": 228.09421758192,
	"prox_scale": 5.36613611934836,
	"prox_second": 1.07794189294044,
	"r3_initiative": 2.08366817742118,
	"ranged": 30.5712697211841,
	"reach": 741.455603683359
}