{
	"aff_art_atk": 6.75887727172346,
	"aff_art_hp": 133.085389312776,
	"aff_art_spd": 370.791241716754,
	"aff_cav_atk": 1.45698209282702,
	"aff_cav_hp": 0.532543249678463,
	"aff_cav_spd": 2.60506172199433,
	"aff_inf_atk": 0.0501386180400242,
	"aff_inf_hp": 0.01048458974412,
	"aff_inf_spd": 0.0629857574605274,
	"art_center": -6558.25601121811,
	"art_front": 87.4911886661889,
	"art_value": 69.8814757784853,
	"card_atk": 0.0368852153669538,
	"card_hp": 0.0238994138569813,
	"card_stam": 0.0444946253841874,
	"cav_center": -0.0225998702036904,
	"cav_front": 0.721115804286044,
	"cav_value": 0.234195727239702,
	"guard": 6.63135696247811,
	"haven": 0.0648018354864417,
	"hp": 606.835606059539,
	"inf_center": 0.425039541579302,
	"inf_front": 1070.21371718029,
	"link_advance": 0.107881815542355,
	"material": 25.0581095245664,
	"protect": 71.6563320317258,
	"prox_scale": 0.0250361446613276,
	"prox_second": 0.109904601752578,
	"r3_initiative": 0.159283919265348,
	"ranged": 0.332068652038198,
	"reach": 6.33893158323079
}