{
	"aff_art_atk": 2.72323246312147,
	"aff_art_hp": 0.244740312002775,
	"aff_art_spd": 0.832639435787783,
	"aff_cav_atk": 1.37813360062021,
	"aff_cav_hp": 0.485065552365838,
	"aff_cav_spd": 1.5306028753106,
	"aff_inf_atk": 1.21325122651454,
	"aff_inf_hp": 1.99585185645626,
	"aff_inf_spd": 0.3517957207057,
	"art_center": -0.227742178329448,
	"art_front": 0.6934107182875,
	"art_value": 16.1080075895419,
	"card_atk": 1.40027673819105,
	"card_hp": 0.595997426429697,
	"card_stam": 1.12111054107604,
	"cav_center": -0.612889357211934,
	"cav_front": 0.019447769482073,
	"cav_value": 3.71569345483881,
	"guard": 236.464737607225,
	"haven": 11669.2162349202,
	"hp": 3.07298740683029,
	"inf_center": 0.520181938920652,
	"inf_front": 0.719610928919869,
	"link_advance": 0.425302031555792,
	"material": 76.0328872584519,
	"protect": 164.674963731028,
	"prox_scale": 7.48179854842628,
	"prox_second": 0.638886912405798,
	"r3_initiative": 2.51248381010823,
	"ranged": 95.4919597069984,
	"reach": 567.435219089163
}