{
	"aff_art_atk": 1.15223625576842,
	"aff_art_hp": 0.037609635447275,
	"aff_art_spd": 5.24239570679595,
	"aff_cav_atk": 0.945790311182867,
	"aff_cav_hp": 0.0328754239924016,
	"aff_cav_spd": 1.85457559362446,
	"aff_inf_atk": 1.70702564645436,
	"aff_inf_hp": 0.205925241790945,
	"aff_inf_spd": 0.463461667181944,
	"art_center": -0.204346808280694,
	"art_front": 0.141893459283132,
	"art_value": 5.15976120702057,
	"card_atk": 1.71815623536551,
	"card_hp": 0.102476595289088,
	"card_stam": 1.41383532432378,
	"cav_center": -0.0618963916691796,
	"cav_front": 0.0107085707946487,
	"cav_value": 0.18547669538274,
	"guard": 19.6416782456646,
	"haven": 5778.40901412387,
	"hp": 11.7263319352894,
	"inf_center": 3.15083509259205,
	"inf_front": 1.0398932948991,
	"link_advance": 0.390877252945807,
	"material": 189.82963387233,
	"protect": 108.768309823629,
	"prox_scale": 0.738083151919381,
	"prox_second": 0.373803943035225,
	"r3_initiative": 6.55239368505827,
	"ranged": 115.47387694344,
	"reach": 39.5649264054311
}