{
	"aff_art_atk": 8.15011263645015,
	"aff_art_hp": 275.725597357173,
	"aff_art_spd": 121.00282670266,
	"aff_cav_atk": 0.664030526713968,
	"aff_cav_hp": 0.568303682073594,
	"aff_cav_spd": 3.60315068471521,
	"aff_inf_atk": 0.196824901921915,
	"aff_inf_hp": 0.0164696340523439,
	"aff_inf_spd": 0.0819717025088588,
	"art_center": -2283.15848283718,
	"art_front": 25.4935231177243,
	"art_value": 51.9954337625769,
	"card_atk": 0.0496186697377675,
	"card_hp": 0.0588143530941866,
	"card_stam": 0.0724759469504775,
	"cav_center": -0.0137503564818582,
	"cav_front": 0.978597935682373,
	"cav_value": 0.469014653320851,
	"guard": 4.01375137200903,
	"haven": 0.137669284725513,
	"hp": 935.16635618364,
	"inf_center": 0.404387945459117,
	"inf_front": 1078.34711517233,
	"link_advance": 0.0439145101050091,
	"material": 40.9214602185963,
	"protect": 92.5586080929457,
	"prox_scale": 0.0263016008001988,
	"prox_second": 0.0890131881530154,
	"r3_initiative": 0.084758601388906,
	"ranged": 0.304394592778642,
	"reach": 3.1611914012434
}