{
	"aff_art_atk": 7.1016756884032,
	"aff_art_hp": 266.765720708712,
	"aff_art_spd": 442.228632765229,
	"aff_cav_atk": 1.33574053998161,
	"aff_cav_hp": 0.311583388755703,
	"aff_cav_spd": 7.98655660179533,
	"aff_inf_atk": 0.0390537625896702,
	"aff_inf_hp": 0.0140273274347511,
	"aff_inf_spd": 0.107421586509274,
	"art_center": -5730.9028548893,
	"art_front": 87.7196322278708,
	"art_value": 12.2637056004972,
	"card_atk": 0.0488143792769203,
	"card_hp": 0.0266227808142735,
	"card_stam": 0.0276163742408483,
	"cav_center": -0.0599939102009415,
	"cav_front": 0.276918544062656,
	"cav_value": 0.486299232786174,
	"guard": 7.04234299456478,
	"haven": 0.0659445946805368,
	"hp": 533.084169480549,
	"inf_center": 0.433410484711398,
	"inf_front": 1923.91163565046,
	"link_advance": 0.0948734694986867,
	"material": 23.5317356387287,
	"protect": 24.2662965047437,
	"prox_scale": 0.0284125298405706,
	"prox_second": 0.083888491592355,
	"r3_initiative": 0.126837149951435,
	"ranged": 0.537888409140312,
	"reach": 5.33169456962666
}