{
	"aff_art_atk": 0.0136878377902259,
	"aff_art_hp": 0.103106554021249,
	"aff_art_spd": 53.1395842495815,
	"aff_cav_atk": 1.28305646844122,
	"aff_cav_hp": 0.540110894572824,
	"aff_cav_spd": 1673.58065076338,
	"aff_inf_atk": 28.498742200125,
	"aff_inf_hp": 0.0130658442335691,
	"aff_inf_spd": 0.0116807095679114,
	"art_center": -16.9819138650655,
	"art_front": 0.0169734988394403,
	"art_value": 275536.618091531,
	"card_atk": 0.0144138443456289,
	"card_hp": 1.29223444238726,
	"card_stam": 16629.9966967048,
	"cav_center": -0.0371548336425541,
	"cav_front": 0.0105010229451422,
	"cav_value": 0.364962440007593,
	"guard": 0.0171628614440028,
	"haven": 11547.4952089431,
	"hp": 62.8198428499259,
	"inf_center": 112.725681711671,
	"inf_front": 0.0151139205861023,
	"link_advance": 0.0115266997559763,
	"material": 4.62760307822026,
	"protect": 155.105538071529,
	"prox_scale": 0.0111592714949498,
	"prox_second": 3.03314185088592,
	"r3_initiative": 0.024882154931099,
	"ranged": 0.98313630302042,
	"reach": 14.7504292285023
}