{
	"aff_art_atk": 10.0918524531446,
	"aff_art_hp": 0.103830238636308,
	"aff_art_spd": 0.679707613592729,
	"aff_cav_atk": 1.09619047866996,
	"aff_cav_hp": 0.43778493529869,
	"aff_cav_spd": 1.39368557596309,
	"aff_inf_atk": 0.599819599450433,
	"aff_inf_hp": 1.31893276908299,
	"aff_inf_spd": 0.716383751414055,
	"art_center": -0.46151571705502,
	"art_front": 0.5031961540274,
	"art_value": 117.048453599738,
	"card_atk": 2.20332400115699,
	"card_hp": 0.545576733747486,
	"card_stam": 1.05604575444352,
	"cav_center": -1.18455379060798,
	"cav_front": 0.015214861539187,
	"cav_value": 4.86070557031371,
	"guard": 161.360201173472,
	"haven": 8339.18017520702,
	"hp": 2.60065206443476,
	"inf_center": 0.63223713184633,
	"inf_front": 0.242646390227065,
	"link_advance": 0.165122572868296,
	"material": 42.0352332766761,
	"protect": 250.353829916097,
	"prox_scale": 6.31152773476343,
	"prox_second": 1.00032778144937,
	"r3_initiative": 2.09849844100768,
	"ranged": 31.5095451469486,
	"reach": 684.294208994203
}