{
	"aff_art_atk": 3.63993048772419,
	"aff_art_hp": 0.0370828985825573,
	"aff_art_spd": 0.36801093529865,
	"aff_cav_atk": 0.69547880141591,
	"aff_cav_hp": 0.165872907395389,
	"aff_cav_spd": 0.785972263391076,
	"aff_inf_atk": 0.244455342726685,
	"aff_inf_hp": 0.51900807521226,
	"aff_inf_spd": 0.471240938178306,
	"art_center": -0.4247620535064,
	"art_front": 0.528917797416609,
	"art_value": 59.2374620034107,
	"card_atk": 1.27474221833655,
	"card_hp": 0.29471474330324,
	"card_stam": 0.464616254145623,
	"cav_center": -0.837899980612085,
	"cav_front": 0.0166483215588012,
	"cav_value": 4.46476686195277,
	"guard": 76.916920662001,
	"haven": 3557.62337137337,
	"hp": 1.18793371457429,
	"inf_center": 0.278942629744935,
	"inf_front": 0.133932150337936,
	"link_advance": 0.0832076158351785,
	"material": 31.0564138309679,
	"protect": 213.378216830854,
	"prox_scale": 5.62099446114064,
	"prox_second": 0.341618586684461,
	"r3_initiative": 0.632852581511001,
	"ranged": 16.2423843541218,
	"reach": 551.599759715445
}