{
	"aff_art_atk": 0.354374907479553,
	"aff_art_hp": 2110.98342476184,
	"aff_art_spd": 0.0593176100919072,
	"aff_cav_atk": 0.0319686871922135,
	"aff_cav_hp": 4.72539581308075,
	"aff_cav_spd": 2.18254408945047,
	"aff_inf_atk": 0.116484839446068,
	"aff_inf_hp": 0.412471294117676,
	"aff_inf_spd": 0.0770078699818176,
	"art_center": -31.6367682037937,
	"art_front": 16.2838144012827,
	"art_value": 194.826975532492,
	"card_atk": 4.99852241202288,
	"card_hp": 0.376465098088219,
	"card_stam": 0.95046635570969,
	"cav_center": -0.0203618101609089,
	"cav_front": 0.101531877849006,
	"cav_value": 54.0880211984465,
	"guard": 43.6022619578861,
	"haven": 1522.67754614192,
	"hp": 272.637742019664,
	"inf_center": 0.011362058984166,
	"inf_front": 1.99121968689038,
	"link_advance": 0.332324818154145,
	"material": 881.638495662176,
	"protect": 518.692419370321,
	"prox_scale": 1.95424471814944,
	"prox_second": 0.0895899450658148,
	"r3_initiative": 0.141932134469165,
	"ranged": 59.9767115872666,
	"reach": 285.291018793795
}