{
	"aff_art_atk": 0.328490177733209,
	"aff_art_hp": 0.26941529417439,
	"aff_art_spd": 13.7255973010089,
	"aff_cav_atk": 0.631434902163782,
	"aff_cav_hp": 1.23946197303215,
	"aff_cav_spd": 63.896438164967,
	"aff_inf_atk": 3.80992564832042,
	"aff_inf_hp": 0.836639947035336,
	"aff_inf_spd": 0.0669392327987215,
	"art_center": -7.48287955648369,
	"art_front": 0.628427065338475,
	"art_value": 57.7452570082141,
	"card_atk": 3.46590538192072,
	"card_hp": 0.820976201132154,
	"card_stam": 1.9028122116048,
	"cav_center": -0.131263691796708,
	"cav_front": 0.0353679492571832,
	"cav_value": 23.2733375886124,
	"guard": 7.3677532915298,
	"haven": 13057.0890349644,
	"hp": 4.2436460964077,
	"inf_center": 0.382726460619744,
	"inf_front": 6.10400230183594,
	"link_advance": 0.0527144648882942,
	"material": 113.388892292889,
	"protect": 1421.54024411155,
	"prox_scale": 0.121013183224676,
	"prox_second": 0.222583611915676,
	"r3_initiative": 5.02206087517239,
	"ranged": 17.7359827775765,
	"reach": 101.981168645049
}