{
	"aff_art_atk": 13.582360818934,
	"aff_art_hp": 240.074110943854,
	"aff_art_spd": 183.217236896241,
	"aff_cav_atk": 1.21572477879117,
	"aff_cav_hp": 0.652534548477646,
	"aff_cav_spd": 3.47441726418668,
	"aff_inf_atk": 0.0817282037397482,
	"aff_inf_hp": 0.012920652031844,
	"aff_inf_spd": 0.124003172288056,
	"art_center": -4254.06460183456,
	"art_front": 58.0799182929664,
	"art_value": 40.5787651053549,
	"card_atk": 0.0281890574750805,
	"card_hp": 0.038017189460655,
	"card_stam": 0.0638511766444459,
	"cav_center": -0.0154550910938211,
	"cav_front": 1.13292870925316,
	"cav_value": 0.329289631776902,
	"guard": 3.14096117531953,
	"haven": 0.0998792669142674,
	"hp": 786.772281369271,
	"inf_center": 0.327691219188005,
	"inf_front": 669.674231427105,
	"link_advance": 0.0720828188115992,
	"material": 35.722670721328,
	"protect": 136.939040672174,
	"prox_scale": 0.025277588680827,
	"prox_second": 0.102151192146638,
	"r3_initiative": 0.0923977746887649,
	"ranged": 0.191865319356633,
	"reach": 3.80914585013225
}