{
	"aff_art_atk": 6.86604005664769,
	"aff_art_hp": 2.38045051866786,
	"aff_art_spd": 0.364509416436194,
	"aff_cav_atk": 0.940092306572659,
	"aff_cav_hp": 8.50388266457919,
	"aff_cav_spd": 0.768684015011916,
	"aff_inf_atk": 0.13450528997843,
	"aff_inf_hp": 0.316257090419936,
	"aff_inf_spd": 2.54922050191824,
	"art_center": -0.525473097109343,
	"art_front": 1.2712015082597,
	"art_value": 27.7068329563114,
	"card_atk": 0.0367518289389476,
	"card_hp": 0.648755744240299,
	"card_stam": 3.08367908748962,
	"cav_center": -1.69964455531188,
	"cav_front": 0.0291433781098815,
	"cav_value": 1142.46733432486,
	"guard": 154.404863842213,
	"haven": 100068.207970201,
	"hp": 0.933965892230697,
	"inf_center": 0.0162141218290388,
	"inf_front": 0.186890140253267,
	"link_advance": 0.0147742876878556,
	"material": 7.45702427109308,
	"protect": 1360.27553801439,
	"prox_scale": 60.1744621031277,
	"prox_second": 0.351396331483853,
	"r3_initiative": 0.11179827255716,
	"ranged": 657.907925529117,
	"reach": 4479.2062989455
}