{
	"aff_art_atk": 1.21136510922181,
	"aff_art_hp": 0.304884879328557,
	"aff_art_spd": 0.85606435492025,
	"aff_cav_atk": 1.03716747523613,
	"aff_cav_hp": 0.514312099339492,
	"aff_cav_spd": 1.15716730117684,
	"aff_inf_atk": 0.821335945767565,
	"aff_inf_hp": 1.04959104534282,
	"aff_inf_spd": 0.496997543447627,
	"art_center": -0.391267908517848,
	"art_front": 1.03048202593772,
	"art_value": 24.9955722319679,
	"card_atk": 0.994053338255137,
	"card_hp": 0.949610990172378,
	"card_stam": 0.988552004827514,
	"cav_center": -0.682226116008585,
	"cav_front": 0.01,
	"cav_value": 10.3561909230331,
	"guard": 310.868027372759,
	"haven": 5969.8455882573,
	"hp": 2.92266722137603,
	"inf_center": 0.49517969277394,
	"inf_front": 0.590706756475509,
	"link_advance": 0.402613209558029,
	"material": 31.501683327474,
	"protect": 161.74534833848,
	"prox_scale": 7.59062802147905,
	"prox_second": 0.596625296945811,
	"r3_initiative": 1.58826316398768,
	"ranged": 40.8975997875947,
	"reach": 493.714826993015
}