{
	"aff_art_atk": 9.06198181761772,
	"aff_art_hp": 1.35567026121269,
	"aff_art_spd": 0.690680801460408,
	"aff_cav_atk": 0.478113808532633,
	"aff_cav_hp": 3.19715221567525,
	"aff_cav_spd": 0.597372955465883,
	"aff_inf_atk": 0.0444594548175221,
	"aff_inf_hp": 0.18285407028291,
	"aff_inf_spd": 2.21638220881636,
	"art_center": -1.13359025158573,
	"art_front": 3.79348787757162,
	"art_value": 20.5664933342391,
	"card_atk": 0.0185722444885722,
	"card_hp": 1.29390774455935,
	"card_stam": 0.518312276739232,
	"cav_center": -6.37926947954647,
	"cav_front": 0.0207149724284206,
	"cav_value": 3737.24752694476,
	"guard": 178.394356627326,
	"haven": 30205.9558930323,
	"hp": 3.4992273501241,
	"inf_center": 0.01,
	"inf_front": 0.582710627873157,
	"link_advance": 0.0117413188863892,
	"material": 3.31080260875963,
	"protect": 1222.75126784418,
	"prox_scale": 442.531407724973,
	"prox_second": 0.592848754998355,
	"r3_initiative": 0.0314198202834538,
	"ranged": 672.562248738586,
	"reach": 1604.32386894255
}