{
	"aff_art_atk": 2.57654707042737,
	"aff_art_hp": 0.276808851949251,
	"aff_art_spd": 0.897261264358791,
	"aff_cav_atk": 1.34558949295263,
	"aff_cav_hp": 0.518594228540511,
	"aff_cav_spd": 1.74384608338317,
	"aff_inf_atk": 1.00202277059735,
	"aff_inf_hp": 1.47854055842338,
	"aff_inf_spd": 0.36815292777416,
	"art_center": -0.23187310334444,
	"art_front": 0.765365697778496,
	"art_value": 16.5984210018028,
	"card_atk": 1.31104750807445,
	"card_hp": 0.767039656241368,
	"card_stam": 1.2435980098685,
	"cav_center": -0.635248991863908,
	"cav_front": 0.014628876366762,
	"cav_value": 3.72055156346781,
	"guard": 245.841557742377,
	"haven": 12276.2268655649,
	"hp": 3.21929644706125,
	"inf_center": 0.486184131650989,
	"inf_front": 0.69788787830647,
	"link_advance": 0.381931881842751,
	"material": 64.2937333851458,
	"protect": 155.495042935557,
	"prox_scale": 8.32737662087115,
	"prox_second": 0.544106760830808,
	"r3_initiative": 2.54189710545991,
	"ranged": 76.779233930013,
	"reach": 483.130027372037
}