{
	"aff_art_atk": 8.61431427628101,
	"aff_art_hp": 1.85488145988803,
	"aff_art_spd": 0.465693285911513,
	"aff_cav_atk": 1.29312502556879,
	"aff_cav_hp": 8.69459731679521,
	"aff_cav_spd": 0.670562771269141,
	"aff_inf_atk": 0.152111845769134,
	"aff_inf_hp": 0.288696004948762,
	"aff_inf_spd": 2.43001960615892,
	"art_center": -0.785782933543943,
	"art_front": 0.847023540134733,
	"art_value": 23.7809700593617,
	"card_atk": 0.0435976151588396,
	"card_hp": 0.809116269783795,
	"card_stam": 2.56531680664621,
	"cav_center": -1.41231125474554,
	"cav_front": 0.0313553885313863,
	"cav_value": 1452.65328595084,
	"guard": 132.189241070455,
	"haven": 98058.3928681421,
	"hp": 0.916105835918951,
	"inf_center": 0.0352665826502368,
	"inf_front": 0.178691391633246,
	"link_advance": 0.0279106076206184,
	"material": 8.22073791921413,
	"protect": 1978.51903439486,
	"prox_scale": 37.2058179333926,
	"prox_second": 0.46863932017166,
	"r3_initiative": 0.126189174559928,
	"ranged": 582.746394352873,
	"reach": 2822.51574746741
}