{
	"aff_art_atk": 0.567240088438205,
	"aff_art_hp": 67.6330264852971,
	"aff_art_spd": 0.146707584889628,
	"aff_cav_atk": 0.101047387494701,
	"aff_cav_hp": 0.210754664439141,
	"aff_cav_spd": 0.406905964916595,
	"aff_inf_atk": 0.128510005939786,
	"aff_inf_hp": 0.123524818994694,
	"aff_inf_spd": 0.539503000072081,
	"art_center": -2.03819069204368,
	"art_front": 0.777197673475756,
	"art_value": 134.963617363215,
	"card_atk": 0.321326589254864,
	"card_hp": 1.45494080187131,
	"card_stam": 1.69394219000855,
	"cav_center": -0.0262547379182631,
	"cav_front": 0.553734462331819,
	"cav_value": 7.35873735606328,
	"guard": 43.4012366463359,
	"haven": 1154.46922471059,
	"hp": 71.2334183773022,
	"inf_center": 0.180471732953299,
	"inf_front": 2.28425441398309,
	"link_advance": 0.102752676851339,
	"material": 337.703460405114,
	"protect": 350.030922229358,
	"prox_scale": 7.55914841828941,
	"prox_second": 0.0671907818763252,
	"r3_initiative": 0.117427877376043,
	"ranged": 23.6575615312952,
	"reach": 1123.88181504181
}