{
	"aff_art_atk": 17.868417219116,
	"aff_art_hp": 0.038993406117143,
	"aff_art_spd": 0.0542886205683333,
	"aff_cav_atk": 0.0152314889432723,
	"aff_cav_hp": 2.41958247941845,
	"aff_cav_spd": 0.0872287002390666,
	"aff_inf_atk": 1.62553851721308,
	"aff_inf_hp": 0.805269431545583,
	"aff_inf_spd": 0.783293250633863,
	"art_center": -6.24209577031994,
	"art_front": 14.6053948491648,
	"art_value": 139.729407989528,
	"card_atk": 0.0604378880475798,
	"card_hp": 22.5356850393227,
	"card_stam": 16.6720652484391,
	"cav_center": -21.0895613000482,
	"cav_front": 0.0131742090700934,
	"cav_value": 846334.428604434,
	"guard": 500.435511454443,
	"haven": 1221559.4383083,
	"hp": 0.763901878535299,
	"inf_center": 0.0369331375006397,
	"inf_front": 30.2862974197931,
	"link_advance": 0.119521508982569,
	"material": 0.832454033544224,
	"protect": 1161.56534192336,
	"prox_scale": 1580.32706801541,
	"prox_second": 0.0245639744766895,
	"r3_initiative": 0.589617306271391,
	"ranged": 282641.093975396,
	"reach": 264.86034201946
}