{
	"aff_art_atk": 10.8653065438794,
	"aff_art_hp": 0.744041007821846,
	"aff_art_spd": 0.752713588253455,
	"aff_cav_atk": 0.700162029229763,
	"aff_cav_hp": 5.5087639459941,
	"aff_cav_spd": 0.549830198475357,
	"aff_inf_atk": 0.0209250596183342,
	"aff_inf_hp": 0.264339448987464,
	"aff_inf_spd": 1.06025754492014,
	"art_center": -0.625484475272481,
	"art_front": 2.11169190130637,
	"art_value": 10.7313938256307,
	"card_atk": 0.061291871137492,
	"card_hp": 0.438985935571591,
	"card_stam": 2.31167003670587,
	"cav_center": -4.28083595405683,
	"cav_front": 0.0188736128389915,
	"cav_value": 875.93232204043,
	"guard": 432.208484372484,
	"haven": 61789.0703178485,
	"hp": 3.17115060940701,
	"inf_center": 0.0112285172280651,
	"inf_front": 0.390475539621788,
	"link_advance": 0.0135327834621917,
	"material": 2.90160752792332,
	"protect": 2273.35409116938,
	"prox_scale": 517.443432233249,
	"prox_second": 0.632410769327833,
	"r3_initiative": 0.0252481599622592,
	"ranged": 1439.96327048807,
	"reach": 2393.83550941835
}