{
	"aff_art_atk": 0.383733240932252,
	"aff_art_hp": 0.213120832564435,
	"aff_art_spd": 18.3247209486661,
	"aff_cav_atk": 0.610786728763935,
	"aff_cav_hp": 1.40804149137351,
	"aff_cav_spd": 63.8174624752831,
	"aff_inf_atk": 3.68671921467777,
	"aff_inf_hp": 0.948322760156869,
	"aff_inf_spd": 0.0826694817765806,
	"art_center": -6.54031810332903,
	"art_front": 0.967173769136934,
	"art_value": 65.6907192527774,
	"card_atk": 3.55527302720137,
	"card_hp": 1.04048328589389,
	"card_stam": 0.924793905806937,
	"cav_center": -0.0815021336909709,
	"cav_front": 0.0319800561585755,
	"cav_value": 21.767889862225,
	"guard": 10.7583179276279,
	"haven": 21208.5292188711,
	"hp": 6.41866264474699,
	"inf_center": 0.382802112459351,
	"inf_front": 9.93115961038703,
	"link_advance": 0.0621788810017373,
	"material": 97.3292375966567,
	"protect": 1551.64001003505,
	"prox_scale": 0.139519964229278,
	"prox_second": 0.34299826258841,
	"r3_initiative": 5.39003958522161,
	"ranged": 13.1246171001758,
	"reach": 144.516005472936
}