{
	"aff_art_atk": 1.21910374952687,
	"aff_art_hp": 0.0726705351956727,
	"aff_art_spd": 2.33914128172802,
	"aff_cav_atk": 0.847118002988896,
	"aff_cav_hp": 0.0425007643574707,
	"aff_cav_spd": 2.97978446477944,
	"aff_inf_atk": 1.2674698578,
	"aff_inf_hp": 0.244362968474815,
	"aff_inf_spd": 0.241141164660388,
	"art_center": -0.259337374049322,
	"art_front": 0.102050517833751,
	"art_value": 2.46999209761025,
	"card_atk": 1.76448100434902,
	"card_hp": 0.275191190984761,
	"card_stam": 0.862500916018707,
	"cav_center": -0.100053664538936,
	"cav_front": 0.0135463123007033,
	"cav_value": 0.698612139337742,
	"guard": 20.8129553941584,
	"haven": 3423.94836371719,
	"hp": 6.66359493409665,
	"inf_center": 3.51059221677187,
	"inf_front": 1.05771813712504,
	"link_advance": 0.372812526258678,
	"material": 142.970638742393,
	"protect": 115.148072350183,
	"prox_scale": 1.33229453235671,
	"prox_second": 0.490637172347247,
	"r3_initiative": 2.7527220474444,
	"ranged": 88.6761864321088,
	"reach": 38.2158839726794
}